# process_id,68280
# runtime_image_base,0x7ff7694f0000
# interval_us,1000
# iterations,10235
thread_id,rip,samples,failed_thread_samples
2900,0x7ffd48f0d624,10232,0
2900,0x7ffc62ebc1fb,1,0
2900,0x7ffc630e6454,1,0
2900,0x7ffd3ecfc75a,1,0
25284,0x7ffd467ea124,10235,0
28832,0x7ffd48f0e0f4,10235,0
30808,0x7ffd48f10fd4,10235,0
37488,0x7ffd48f0d624,9935,0
37488,0x7ffd467e4c04,62,0
37488,0x7ffd467e4d64,50,0
37488,0x7ffd467e5444,44,0
37488,0x7ffd48f0dc64,21,0
37488,0x7ffd467e5b04,14,0
37488,0x7ffc7fce65b3,6,0
37488,0x7ffd467eb444,5,0
37488,0x7ffd48f0fb74,4,0
37488,0x7ffd467e2044,3,0
37488,0x7ffd48ef2646,3,0
37488,0x7ffd48e82c7a,3,0
37488,0x7ffc7fce65ba,3,0
37488,0x7ffd467e9ac4,3,0
37488,0x7ffc802a9d1d,2,0
37488,0x7ffc7fcea2c3,2,0
37488,0x7ffd48f0d8c4,2,0
37488,0x7ffd467e5a84,2,0
37488,0x7ffc7fb70f23,2,0
37488,0x7ffd48f0d784,2,0
37488,0x7ffc8023878a,1,0
37488,0x7ffc8028acf8,1,0
37488,0x7ffc8024ac93,1,0
37488,0x7ffc802767c8,1,0
37488,0x7ffc80237a3d,1,0
37488,0x7ffc80c4894e,1,0
37488,0x7ffc80236213,1,0
37488,0x7ffc80232aaf,1,0
37488,0x7ffc8022e36c,1,0
37488,0x7ffc8022e364,1,0
37488,0x7ffc80218a95,1,0
37488,0x7ffc80211e56,1,0
37488,0x7ffc8020ae4c,1,0
37488,0x7ffc8028bf89,1,0
37488,0x7ffc8028ec41,1,0
37488,0x7ffc8029c982,1,0
37488,0x7ffc802ce0ee,1,0
37488,0x7ffc80c48b7e,1,0
37488,0x7ffc801ee67c,1,0
37488,0x7ffd48f0da44,1,0
37488,0x7ffd48f0d824,1,0
37488,0x7ffd46b40984,1,0
37488,0x7ffd46b4e0ca,1,0
37488,0x7ffd47125899,1,0
37488,0x7ffd48eb01a4,1,0
37488,0x7ffd48f0d764,1,0
37488,0x7ffc7fcf78f5,1,0
37488,0x7ffc7fde80c4,1,0
37488,0x7ffc7fd50dd4,1,0
37488,0x7ffc7fd20aae,1,0
37488,0x7ffc7fd2031f,1,0
37488,0x7ffc7fcfd1d6,1,0
37488,0x7ffc7fcfd1be,1,0
37488,0x7ffc7fcfd147,1,0
37488,0x7ffc7fcf793a,1,0
37488,0x7ffc7fcf791b,1,0
37488,0x7ffc7fcf7910,1,0
37488,0x7ffc7fdec932,1,0
37488,0x7ffc7fcea2e7,1,0
37488,0x7ffc7fcea2e3,1,0
37488,0x7ffc7fcea2db,1,0
37488,0x7ffc7fce65c2,1,0
37488,0x7ffc7fce65be,1,0
37488,0x7ffc7fc90cd5,1,0
37488,0x7ffc7fc85e34,1,0
37488,0x7ffc7fb70f83,1,0
37488,0x7ffc7fb70f6d,1,0
37488,0x7ffc8013e973,1,0
37488,0x7ffc80203f0d,1,0
37488,0x7ffc801ab794,1,0
37488,0x7ffc801a9dca,1,0
37488,0x7ffc801a6974,1,0
37488,0x7ffc80197017,1,0
37488,0x7ffc8019090e,1,0
37488,0x7ffc80157bb9,1,0
37488,0x7ffc801535d2,1,0
37488,0x7ffc8014b790,1,0
37488,0x7ffc8020a806,1,0
37488,0x7ffc8013e403,1,0
37488,0x7ffc8013b351,1,0
37488,0x7ffc80108df4,1,0
37488,0x7ffc800cba8f,1,0
37488,0x7ffc800cb3a0,1,0
37488,0x7ffc7fe8b0e5,1,0
37488,0x7ffc7fe8a950,1,0
37488,0x7ffc7fe79786,1,0
37488,0x7ffc7fe26d4c,1,0
37524,0x7ffd48f0e0f4,10235,0
39568,0x7ffd48f11034,10235,0
51040,0x7ffd48f0d624,10235,0
59836,0x7ffd48f0e0f4,10235,0
64688,0x7ffd467e1104,10235,0
70324,0x7ffd48f0d624,5534,0
70324,0x7ffd48f0da44,183,0
70324,0x7ff7694f1b4e,143,0
70324,0x7ff769519593,99,0
70324,0x7ff7694f3414,95,0
70324,0x7ff7694f3577,92,0
70324,0x7ff76951957d,70,0
70324,0x7ff7694f6134,64,0
70324,0x7ff769519574,56,0
70324,0x7ff7695195c7,43,0
70324,0x7ff7695191c1,39,0
70324,0x7ff7694f6165,39,0
70324,0x7ff7694f3410,37,0
70324,0x7ff7695191e4,35,0
70324,0x7ff7694f34ed,27,0
70324,0x7ff7694f1bb1,25,0
70324,0x7ff7694f342d,22,0
70324,0x7ff7694f615b,22,0
70324,0x7ff769519201,21,0
70324,0x7ff7695442f0,20,0
70324,0x7ff7694f1ee4,20,0
70324,0x7ff7694f3570,20,0
70324,0x7ff7694f3051,20,0
70324,0x7ff7695191cd,19,0
70324,0x7ff7694f311f,17,0
70324,0x7ff7695195a7,16,0
70324,0x7ff769547ad6,16,0
70324,0x7ff7694f496f,16,0
70324,0x7ff7694f1baf,15,0
70324,0x7ff7695195b4,14,0
70324,0x7ff769522b4c,14,0
70324,0x7ff7694f613a,14,0
70324,0x7ff76954b796,14,0
70324,0x7ff769522b26,13,0
70324,0x7ff7694f6141,13,0
70324,0x7ff769546542,13,0
70324,0x7ff7695206d0,13,0
70324,0x7ff76951957b,12,0
70324,0x7ff7694f49b1,12,0
70324,0x7ff769519ba4,12,0
70324,0x7ff7695191d1,11,0
70324,0x7ff7695195a0,11,0
70324,0x7ff76954c8f4,11,0
70324,0x7ff769542d30,11,0
70324,0x7ff7695ac53c,10,0
70324,0x7ff7694f4b1b,10,0
70324,0x7ffd48eb01b5,10,0
70324,0x7ff7694f1b45,10,0
70324,0x7ff7695195ba,10,0
70324,0x7ff7694f6130,9,0
70324,0x7ff7694f48b1,9,0
70324,0x7ff7694f556e,9,0
70324,0x7ff7694f34f1,9,0
70324,0x7ff76951971a,9,0
70324,0x7ff769521595,9,0
70324,0x7ff7695195e3,9,0
70324,0x7ff7694f6162,8,0
70324,0x7ff7694f496d,8,0
70324,0x7ff7694fc904,8,0
70324,0x7ff769519228,8,0
70324,0x7ff7694f46d2,8,0
70324,0x7ff76951a696,8,0
70324,0x7ff769515e75,8,0
70324,0x7ff769519589,8,0
70324,0x7ff7694f614f,8,0
70324,0x7ff7694f343c,8,0
70324,0x7ff769519c2a,8,0
70324,0x7ff769549ae5,7,0
70324,0x7ffd467eb444,7,0
70324,0x7ff769519bb7,7,0
70324,0x7ff76951a575,7,0
70324,0x7ff7695191c0,7,0
70324,0x7ff7695b4ca9,7,0
70324,0x7ff7695195de,7,0
70324,0x7ff769546554,7,0
70324,0x7ff7694f341b,7,0
70324,0x7ff7695212c4,7,0
70324,0x7ff7694f47cc,7,0
70324,0x7ff7694f3fd4,7,0
70324,0x7ff7695ae1de,7,0
70324,0x7ff7695206d7,7,0
70324,0x7ff771810abc,7,0
70324,0x7ff769519570,7,0
70324,0x7ff7694f4e3e,6,0
70324,0x7ff769541340,6,0
70324,0x7ff769542df2,6,0
70324,0x7ff769519c22,6,0
70324,0x7ff769543639,6,0
70324,0x7ff7694f5557,6,0
70324,0x7ff769515e69,6,0
70324,0x7ff769551e5d,6,0
70324,0x7ff76954e2c8,6,0
70324,0x7ff7694f3c26,6,0
70324,0x7ff7694f6176,6,0
70324,0x7ff7694f4767,6,0
70324,0x7ff7695195ab,6,0
70324,0x7ff7694f343f,6,0
70324,0x7ff76951c218,6,0
70324,0x7ff769523982,6,0
70324,0x7ff7694f2296,6,0
70324,0x7ff7695195f2,6,0
70324,0x7ff769519722,6,0
70324,0x7ff76951814f,6,0
70324,0x7ff7695484eb,5,0
70324,0x7ff7694f616c,5,0
70324,0x7ff7695215b4,5,0
70324,0x7ff7694f22b4,5,0
70324,0x7ff76951a557,5,0
70324,0x7ff7694f1f11,5,0
70324,0x7ff76951921f,5,0
70324,0x7ff7695466d3,5,0
70324,0x7ff7694f5548,5,0
70324,0x7ff769519214,5,0
70324,0x7ff769513a56,5,0
70324,0x7ff7695192b7,5,0
70324,0x7ff76951957f,5,0
70324,0x7ff769519205,5,0
70324,0x7ff7695195f8,5,0
70324,0x7ff7694f1dd2,5,0
70324,0x7ff76951c140,5,0
70324,0x7ff7694f1c51,5,0
70324,0x7ff76954b76c,5,0
70324,0x7ff76951c15f,5,0
70324,0x7ff76954b7de,5,0
70324,0x7ff76951c172,5,0
70324,0x7ff7694f5775,5,0
70324,0x7ff769546587,5,0
70324,0x7ff7695b0796,5,0
70324,0x7ff7694f375d,5,0
70324,0x7ff7694f34eb,5,0
70324,0x7ff769542de1,5,0
70324,0x7ff769551f93,5,0
70324,0x7ff7694f5517,5,0
70324,0x7ff7694f346a,5,0
70324,0x7ff7694f3467,5,0
70324,0x7ff7694f4992,5,0
70324,0x7ff7694f4988,5,0
70324,0x7ff76952176c,5,0
70324,0x7ff7694f341d,5,0
70324,0x7ff7695af2bf,5,0
70324,0x7ff769515d3d,5,0
70324,0x7ff769515d34,5,0
70324,0x7ff769546551,5,0
70324,0x7ff7694f4977,5,0
70324,0x7ff7694f1b09,5,0
70324,0x7ff76951a54c,4,0
70324,0x7ff769517fef,4,0
70324,0x7ffd48f10bb4,4,0
70324,0x7ff76956bd55,4,0
70324,0x7ff769519c70,4,0
70324,0x7ff76956c4a0,4,0
70324,0x7ff769519d16,4,0
70324,0x7ff769519ba0,4,0
70324,0x7ff7694f5537,4,0
70324,0x7ff769519a45,4,0
70324,0x7ff7695191e1,4,0
70324,0x7ff769517edb,4,0
70324,0x7ff769523b3e,4,0
70324,0x7ff76952a8b2,4,0
70324,0x7ff76953c53f,4,0
70324,0x7ff769522b50,4,0
70324,0x7ff769542e23,4,0
70324,0x7ff769515e7e,4,0
70324,0x7ff769515e65,4,0
70324,0x7ff7695462e6,4,0
70324,0x7ff76954e043,4,0
70324,0x7ff769515d30,4,0
70324,0x7ff769515ce3,4,0
70324,0x7ff769546572,4,0
70324,0x7ff769513872,4,0
70324,0x7ff7695215f7,4,0
70324,0x7ff769549a28,4,0
70324,0x7ff7694f6170,4,0
70324,0x7ff76951962e,4,0
70324,0x7ff769519834,4,0
70324,0x7ff7694f477b,4,0
70324,0x7ffd4744ce47,4,0
70324,0x7ff7695b0795,4,0
70324,0x7ff7695b06b0,4,0
70324,0x7ff7694f4835,4,0
70324,0x7ff7695ab7eb,4,0
70324,0x7ffd467e1824,4,0
70324,0x7ff76e3b7b23,4,0
70324,0x7ff7694f2004,4,0
70324,0x7ff7694f4aec,4,0
70324,0x7ff7694f1fd1,4,0
70324,0x7ff7695af299,4,0
70324,0x7ff7694f4757,4,0
70324,0x7ff7694f1f06,4,0
70324,0x7ff7694f3ffa,4,0
70324,0x7ff7695acd95,4,0
70324,0x7ff7694f1dc3,4,0
70324,0x7ff771810bdf,4,0
70324,0x7ff7695b2586,4,0
70324,0x7ff7694f3485,4,0
70324,0x7ff7695b4c7e,4,0
70324,0x7ff7694f3425,4,0
70324,0x7ff7694f344c,4,0
70324,0x7ffd474644d3,4,0
70324,0x7ffd48f0d764,4,0
70324,0x7ff7695ae4cb,3,0
70324,0x7ff7694f200c,3,0
70324,0x7ff7694f3423,3,0
70324,0x7ff769523993,3,0
70324,0x7ff76e3b7b25,3,0
70324,0x7ff7695462f1,3,0
70324,0x7ff7695af301,3,0
70324,0x7ff7694f3c33,3,0
70324,0x7ff769521785,3,0
70324,0x7ff769515cbe,3,0
70324,0x7ff7695b2846,3,0
70324,0x7ff7694f1f29,3,0
70324,0x7ff7695465a7,3,0
70324,0x7ff769513a92,3,0
70324,0x7ff7694f3fda,3,0
70324,0x7ff7695465db,3,0
70324,0x7ff7695195e5,3,0
70324,0x7ff769522b05,3,0
70324,0x7ff769513841,3,0
70324,0x7ff7695b4cb1,3,0
70324,0x7ff76952197b,3,0
70324,0x7ff769519239,3,0
70324,0x7ff7695cfab2,3,0
70324,0x7ff76952a8af,3,0
70324,0x7ff769519206,3,0
70324,0x7ff7694f23e3,3,0
70324,0x7ff76953c178,3,0
70324,0x7ff7694f3738,3,0
70324,0x7ff76953d977,3,0
70324,0x7ff76d9a5531,3,0
70324,0x7ff7695160e9,3,0
70324,0x7ff7695b08b3,3,0
70324,0x7ff76d9a55e7,3,0
70324,0x7ff76d9a561f,3,0
70324,0x7ff76952120e,3,0
70324,0x7ff769542de7,3,0
70324,0x7ff7695cf818,3,0
70324,0x7ff769515fbd,3,0
70324,0x7ff7695b069c,3,0
70324,0x7ff7695212e6,3,0
70324,0x7ff7695b4cc1,3,0
70324,0x7ff7695431cc,3,0
70324,0x7ff7694f3b06,3,0
70324,0x7ff7695212cb,3,0
70324,0x7ff76954447d,3,0
70324,0x7ff76954448d,3,0
70324,0x7ff769517e81,3,0
70324,0x7ff76954e1f1,3,0
70324,0x7ff7694f6148,3,0
70324,0x7ff7694f49c8,3,0
70324,0x7ff76956bd4e,3,0
70324,0x7ff76959efed,3,0
70324,0x7ff7694f4985,3,0
70324,0x7ff7695ab81d,3,0
70324,0x7ff7694f1b59,3,0
70324,0x7ff76954b7fb,3,0
70324,0x7ff7695a76c6,3,0
70324,0x7ff7695ab7dd,3,0
70324,0x7ff76956c9a5,3,0
70324,0x7ffd467e9ac4,3,0
70324,0x7ff76954e306,3,0
70324,0x7ff7694f56a7,3,0
70324,0x7ff76954e320,3,0
70324,0x7ff7694f5624,3,0
70324,0x7ff76954e6f8,3,0
70324,0x7ff76951a762,3,0
70324,0x7ff769551e49,3,0
70324,0x7ff76951a75f,3,0
70324,0x7ff7694f4878,3,0
70324,0x7ff7695ac56a,3,0
70324,0x7ff769508beb,3,0
70324,0x7ff7694f1d2e,3,0
70324,0x7ffd48f0de64,3,0
70324,0x7ff76956c235,3,0
70324,0x7ff769519c64,3,0
70324,0x7ff7694fce50,3,0
70324,0x7ffd48f0d824,3,0
70324,0x7ff7694f1af4,3,0
70324,0x7ff7695ac5e6,3,0
70324,0x7ff7694f49cb,3,0
70324,0x7ff7694f4704,3,0
70324,0x7ffc80c48a1b,3,0
70324,0x7ff76951fa8b,3,0
70324,0x7ff7694f616e,3,0
70324,0x7ff76951a506,3,0
70324,0x7ff76951a726,2,0
70324,0x7ffd47464593,2,0
70324,0x7ff76951a508,2,0
70324,0x7ff7695b4cb7,2,0
70324,0x7ff76a9a4c47,2,0
70324,0x7ff76952171a,2,0
70324,0x7ff7695d14b8,2,0
70324,0x7ff7695b068f,2,0
70324,0x7ff7695cfa80,2,0
70324,0x7ffd4744ce87,2,0
70324,0x7ffd48ee2258,2,0
70324,0x7ff769521778,2,0
70324,0x7ff76951a6ea,2,0
70324,0x7ff76952167d,2,0
70324,0x7ff7695216d2,2,0
70324,0x7ff76951a6a7,2,0
70324,0x7ffd48eb01a4,2,0
70324,0x7ff76ea70da5,2,0
70324,0x7ff76ec3a6fb,2,0
70324,0x7ff76ec3a60d,2,0
70324,0x7ff76951fbc1,2,0
70324,0x7ff769520a30,2,0
70324,0x7ff76951fba7,2,0
70324,0x7ff76ec3a60b,2,0
70324,0x7ff76ec3a542,2,0
70324,0x7ff76951fba0,2,0
70324,0x7ff769521200,2,0
70324,0x7ffc8022e19b,2,0
70324,0x7ff76ebb7d9f,2,0
70324,0x7ff76ebb7c11,2,0
70324,0x7ffcce85c8ce,2,0
70324,0x7ff76951f76a,2,0
70324,0x7ffd4744ce02,2,0
70324,0x7ff76e6b11d7,2,0
70324,0x7ff76e4288d2,2,0
70324,0x7ff76951f747,2,0
70324,0x7ff76951f712,2,0
70324,0x7ff76951f6e3,2,0
70324,0x7ff76951f481,2,0
70324,0x7ffd25e21b11,2,0
70324,0x7ff76e3b7a11,2,0
70324,0x7ff76da474b1,2,0
70324,0x7ff76951c14c,2,0
70324,0x7ff7695212db,2,0
70324,0x7ff76d9fa85f,2,0
70324,0x7ff769521390,2,0
70324,0x7ff76951a77c,2,0
70324,0x7ff7695ac528,2,0
70324,0x7ff76954b7f3,2,0
70324,0x7ff7695ab819,2,0
70324,0x7ff76954b781,2,0
70324,0x7ff7695ab81e,2,0
70324,0x7ff7695ab82e,2,0
70324,0x7ff7695ab84a,2,0
70324,0x7ff7695aba43,2,0
70324,0x7ff7695abaa3,2,0
70324,0x7ff7695abae3,2,0
70324,0x7ff7695ac4b1,2,0
70324,0x7ff7695ac4ce,2,0
70324,0x7ff7695ab7e0,2,0
70324,0x7ff7695ac65f,2,0
70324,0x7ff769549919,2,0
70324,0x7ff76954900b,2,0
70324,0x7ff769547d2d,2,0
70324,0x7ff769547bb0,2,0
70324,0x7ff769547af8,2,0
70324,0x7ff7695aceb6,2,0
70324,0x7ff769547ad0,2,0
70324,0x7ff7695466ab,2,0
70324,0x7ff7695ae0c8,2,0
70324,0x7ff769552071,2,0
70324,0x7ff76956c67b,2,0
70324,0x7ff76956c732,2,0
70324,0x7ff76956c17e,2,0
70324,0x7ff76956bec4,2,0
70324,0x7ff76956be99,2,0
70324,0x7ff76956be88,2,0
70324,0x7ff76956be48,2,0
70324,0x7ff76956be2f,2,0
70324,0x7ff76956bd82,2,0
70324,0x7ff76956bd75,2,0
70324,0x7ff76956bd58,2,0
70324,0x7ff769546677,2,0
70324,0x7ff769551f88,2,0
70324,0x7ff769551f6e,2,0
70324,0x7ff769551f35,2,0
70324,0x7ff7695ab0a6,2,0
70324,0x7ff769551f07,2,0
70324,0x7ff7695ab7a3,2,0
70324,0x7ff76954e944,2,0
70324,0x7ff76954e72b,2,0
70324,0x7ff76954e55a,2,0
70324,0x7ff76954e2e3,2,0
70324,0x7ff769523c19,2,0
70324,0x7ff769542dda,2,0
70324,0x7ff769542dcb,2,0
70324,0x7ff76953ddd2,2,0
70324,0x7ff76953dbc4,2,0
70324,0x7ff76953d9d7,2,0
70324,0x7ff76953c2a0,2,0
70324,0x7ff76952a97a,2,0
70324,0x7ff76952a92c,2,0
70324,0x7ff76952a911,2,0
70324,0x7ff76952a8e0,2,0
70324,0x7ff7695b08c9,2,0
70324,0x7ff7695b0791,2,0
70324,0x7ff7695b1e62,2,0
70324,0x7ff7695239d9,2,0
70324,0x7ff76952399d,2,0
70324,0x7ff7695b28e6,2,0
70324,0x7ff769522c6a,2,0
70324,0x7ff7695b2d46,2,0
70324,0x7ff7695b4c13,2,0
70324,0x7ff769522705,2,0
70324,0x7ff7695226d3,2,0
70324,0x7ff7695222b4,2,0
70324,0x7ff7695462e0,2,0
70324,0x7ff769546623,2,0
70324,0x7ff76954660f,2,0
70324,0x7ff7695ae33a,2,0
70324,0x7ff769546574,2,0
70324,0x7ff7695aee81,2,0
70324,0x7ff7695af211,2,0
70324,0x7ff7695affee,2,0
70324,0x7ff7695affff,2,0
70324,0x7ff769546537,2,0
70324,0x7ff769546304,2,0
70324,0x7ff7695b0023,2,0
70324,0x7ff769521c5c,2,0
70324,0x7ff7695462da,2,0
70324,0x7ff7695462c5,2,0
70324,0x7ff7695b00a3,2,0
70324,0x7ff7695b00f1,2,0
70324,0x7ff7695b01c6,2,0
70324,0x7ff7695b0263,2,0
70324,0x7ff7695b027a,2,0
70324,0x7ff7695434ff,2,0
70324,0x7ff769542e29,2,0
70324,0x7ff769542dfd,2,0
70324,0x7ff769515cb2,2,0
70324,0x7ff76951921b,2,0
70324,0x7ff769508bec,2,0
70324,0x7ff7694f3b83,2,0
70324,0x7ff7694f3455,2,0
70324,0x7ff7694f473c,2,0
70324,0x7ff7694f3494,2,0
70324,0x7ff7695180c6,2,0
70324,0x7ff7694f4aa5,2,0
70324,0x7ff7694f1ffa,2,0
70324,0x7ff769515c4a,2,0
70324,0x7ff769519713,2,0
70324,0x7ff7695191c6,2,0
70324,0x7ff7694f46f9,2,0
70324,0x7ff769515d3f,2,0
70324,0x7ff769515d4d,2,0
70324,0x7ff769515dfb,2,0
70324,0x7ff769516109,2,0
70324,0x7ff7694f1feb,2,0
70324,0x7ff7694f1bd4,2,0
70324,0x7ff7694f555e,2,0
70324,0x7ff7694f481a,2,0
70324,0x7ff7695192a3,2,0
70324,0x7ff7695192d6,2,0
70324,0x7ff769517eb6,2,0
70324,0x7ff7694f478d,2,0
70324,0x7ff7694f47d4,2,0
70324,0x7ff7694f22a5,2,0
70324,0x7ff7694f56ae,2,0
70324,0x7ff7695195c1,2,0
70324,0x7ff7694f5717,2,0
70324,0x7ff7694f56a1,2,0
70324,0x7ff769515dab,2,0
70324,0x7ff7694f3c64,2,0
70324,0x7ff769517e95,2,0
70324,0x7ff769517e93,2,0
70324,0x7ff769519237,2,0
70324,0x7ff7694f2fb7,2,0
70324,0x7ff76951922d,2,0
70324,0x7ff769519633,2,0
70324,0x7ff7694f5594,2,0
70324,0x7ff76951970d,2,0
70324,0x7ff7694f1f1f,2,0
70324,0x7ff76951891c,2,0
70324,0x7ff7694f1b41,2,0
70324,0x7ff7695160b3,2,0
70324,0x7ff7694f4bc5,2,0
70324,0x7ff7694f39f6,2,0
70324,0x7ff7694f4f96,2,0
70324,0x7ff769519aa7,2,0
70324,0x7ff769516042,2,0
70324,0x7ff769515e46,2,0
70324,0x7ff7694fce57,2,0
70324,0x7ff769515fb4,2,0
70324,0x7ff7694f4c7b,2,0
70324,0x7ff7694f4c6e,2,0
70324,0x7ff7694f1b03,2,0
70324,0x7ff7694f6159,2,0
70324,0x7ff7694f3726,2,0
70324,0x7ff7694f2284,2,0
70324,0x7ff7694f46d9,2,0
70324,0x7ff769515e28,2,0
70324,0x7ff7694f21d8,2,0
70324,0x7ff7694f4b06,2,0
70324,0x7ff7695160e1,2,0
70324,0x7ff7694f22c1,2,0
70324,0x7ff769515e07,2,0
70324,0x7ff7694f1af0,2,0
70324,0x7ff7694f5542,2,0
70324,0x7ff7695160be,2,0
70324,0x7ff769519c03,2,0
70324,0x7ff7694f1efb,2,0
70324,0x7ff769515e36,2,0
70324,0x7ff7695180d6,2,0
70324,0x7ff7694f1bcf,2,0
70324,0x7ff7694f3650,2,0
70324,0x7ff76e4746d8,1,0
70324,0x7ff76e47640a,1,0
70324,0x7ff76e4759e3,1,0
70324,0x7ff76e449570,1,0
70324,0x7ff76e448b66,1,0
70324,0x7ff76e4771c2,1,0
70324,0x7ff76e477988,1,0
70324,0x7ff76e477579,1,0
70324,0x7ff76e4490d6,1,0
70324,0x7ff76e4567db,1,0
70324,0x7ff76e473c05,1,0
70324,0x7ff76e47349e,1,0
70324,0x7ff76e473355,1,0
70324,0x7ff76e472fc1,1,0
70324,0x7ff76e471a8c,1,0
70324,0x7ff76e42d7fe,1,0
70324,0x7ff76e471273,1,0
70324,0x7ff76e470499,1,0
70324,0x7ff76e47006c,1,0
70324,0x7ff76e44a083,1,0
70324,0x7ff76e45639a,1,0
70324,0x7ff76e452f34,1,0
70324,0x7ff76e4748bb,1,0
70324,0x7ff76e4521c3,1,0
70324,0x7ff76e44f41d,1,0
70324,0x7ff76e44f364,1,0
70324,0x7ff76e44d983,1,0
70324,0x7ff76e44a681,1,0
70324,0x7ff76e3e76a6,1,0
70324,0x7ff76e4286ef,1,0
70324,0x7ff76e4286d8,1,0
70324,0x7ff76e4284a8,1,0
70324,0x7ff76e428483,1,0
70324,0x7ff76e42842a,1,0
70324,0x7ff76e404699,1,0
70324,0x7ff76e404062,1,0
70324,0x7ff76e3eceb9,1,0
70324,0x7ff76e3eceb4,1,0
70324,0x7ff76e3e8d27,1,0
70324,0x7ff76e3e887e,1,0
70324,0x7ff76e4290c7,1,0
70324,0x7ff76e3badfb,1,0
70324,0x7ff76e3ba646,1,0
70324,0x7ff76e3b7b9f,1,0
70324,0x7ff76e3b7b6f,1,0
70324,0x7ff76e3b7b67,1,0
70324,0x7ff76e3b7b45,1,0
70324,0x7ff7694f1ffe,1,0
70324,0x7ff7694f2007,1,0
70324,0x7ff76e3b7a3e,1,0
70324,0x7ff76e1537f1,1,0
70324,0x7ff76e42efc2,1,0
70324,0x7ff76e447ea4,1,0
70324,0x7ff76e447e96,1,0
70324,0x7ff76e447494,1,0
70324,0x7ff76e446e15,1,0
70324,0x7ff76e446acb,1,0
70324,0x7ff76e4460a1,1,0
70324,0x7ff76e445204,1,0
70324,0x7ff76e44505c,1,0
70324,0x7ff76e430688,1,0
70324,0x7ff76e42fa18,1,0
70324,0x7ff76e42f648,1,0
70324,0x7ff76e4488d6,1,0
70324,0x7ff76e42e646,1,0
70324,0x7ff76e42d855,1,0
70324,0x7ff76e3b7a3b,1,0
70324,0x7ff76e42ca21,1,0
70324,0x7ff76e42c666,1,0
70324,0x7ff76e42c395,1,0
70324,0x7ff76e42c2e6,1,0
70324,0x7ff76e42ac72,1,0
70324,0x7ff76e429687,1,0
70324,0x7ff76e42947e,1,0
70324,0x7ff76e6a099f,1,0
70324,0x7ff76e6b1bf2,1,0
70324,0x7ff76e6b1bec,1,0
70324,0x7ff76e6b1abf,1,0
70324,0x7ff76e6b1464,1,0
70324,0x7ff76e6b0f6a,1,0
70324,0x7ff76e6b0f3c,1,0
70324,0x7ff76e6a21a1,1,0
70324,0x7ff76e6a0ac5,1,0
70324,0x7ff76e6a0aa5,1,0
70324,0x7ff76e6a0a77,1,0
70324,0x7ff76e6a0a5d,1,0
70324,0x7ff76e6a0a34,1,0
70324,0x7ff76e6a09bb,1,0
70324,0x7ff76e6b1dde,1,0
70324,0x7ff76e6a0991,1,0
70324,0x7ff76e697635,1,0
70324,0x7ff76e6975a2,1,0
70324,0x7ff76e690ce7,1,0
70324,0x7ff76e68fcef,1,0
70324,0x7ff76e678e2b,1,0
70324,0x7ff76e678be2,1,0
70324,0x7ff76e6652f7,1,0
70324,0x7ff76e618d9f,1,0
70324,0x7ff76e618a48,1,0
70324,0x7ff76e616a2f,1,0
70324,0x7ff76e6123df,1,0
70324,0x7ff76e610a09,1,0
70324,0x7ff76e6b8f81,1,0
70324,0x7ff76e81a7f7,1,0
70324,0x7ff76e81a7dd,1,0
70324,0x7ff76e81a711,1,0
70324,0x7ff76e7cb933,1,0
70324,0x7ff76e759191,1,0
70324,0x7ff76e710e27,1,0
70324,0x7ff76e708fc6,1,0
70324,0x7ff76e6df143,1,0
70324,0x7ff76e6de167,1,0
70324,0x7ff76e6c2583,1,0
70324,0x7ff76e6b9a03,1,0
70324,0x7ff76e6b9946,1,0
70324,0x7ff76e6b92ee,1,0
70324,0x7ff76e610046,1,0
70324,0x7ff76e6b8a71,1,0
70324,0x7ff76e6b8752,1,0
70324,0x7ff76e6b872d,1,0
70324,0x7ff76e6b8720,1,0
70324,0x7ff76e6b81d9,1,0
70324,0x7ff76e6b7ea5,1,0
70324,0x7ff76e6b7b5c,1,0
70324,0x7ff76e6b3ce7,1,0
70324,0x7ff76e6b3aa6,1,0
70324,0x7ff76e6b2733,1,0
70324,0x7ff76e6b200f,1,0
70324,0x7ff76e6b1e8f,1,0
70324,0x7ff76e49b888,1,0
70324,0x7ff76e4c6c66,1,0
70324,0x7ff76e4c63ae,1,0
70324,0x7ff76e4c20e2,1,0
70324,0x7ff76e4b9d32,1,0
70324,0x7ff76e4b8a32,1,0
70324,0x7ff76e4b8225,1,0
70324,0x7ff76e4a8459,1,0
70324,0x7ff76e4a83f1,1,0
70324,0x7ff76e4a6f22,1,0
70324,0x7ff76e4a6e58,1,0
70324,0x7ff76e4a132a,1,0
70324,0x7ff76e4a0442,1,0
70324,0x7ff76e49e243,1,0
70324,0x7ff76e4cb9cb,1,0
70324,0x7ff76e498197,1,0
70324,0x7ff76e497de6,1,0
70324,0x7ff76e4976a3,1,0
70324,0x7ff76e497080,1,0
70324,0x7ff76e49651e,1,0
70324,0x7ff76e495679,1,0
70324,0x7ff76e494eb7,1,0
70324,0x7ff76e494341,1,0
70324,0x7ff76e49289b,1,0
70324,0x7ff76e48263f,1,0
70324,0x7ff76e47f5a5,1,0
70324,0x7ff76e477cb8,1,0
70324,0x7ff76e5c18fd,1,0
70324,0x7ff76e60dfb5,1,0
70324,0x7ff76e60d53c,1,0
70324,0x7ff76e60d2d2,1,0
70324,0x7ff76e5ebb79,1,0
70324,0x7ff76e5eb3be,1,0
70324,0x7ff76e5eaa09,1,0
70324,0x7ff76e5e4716,1,0
70324,0x7ff76e5df478,1,0
70324,0x7ff76e5dcd23,1,0
70324,0x7ff76e5da7d2,1,0
70324,0x7ff76e5c1987,1,0
70324,0x7ff76e5c1965,1,0
70324,0x7ff76e5c1945,1,0
70324,0x7ff76e477c44,1,0
70324,0x7ff76e5c18de,1,0
70324,0x7ff76e5bf75d,1,0
70324,0x7ff76e5aff8f,1,0
70324,0x7ff76e58d1b4,1,0
70324,0x7ff76e56ba07,1,0
70324,0x7ff76e56a0bf,1,0
70324,0x7ff76e55ac4b,1,0
70324,0x7ff76e55920f,1,0
70324,0x7ff76e54cb0a,1,0
70324,0x7ff76e4dd92f,1,0
70324,0x7ff76e4cc81e,1,0
70324,0x7ff76e4cc345,1,0
70324,0x7ff76c18fc7f,1,0
70324,0x7ff7694f22bb,1,0
70324,0x7ff76d9a5513,1,0
70324,0x7ff76d9a54af,1,0
70324,0x7ff76d9a549f,1,0
70324,0x7ff76d9a5491,1,0
70324,0x7ff76c85ded5,1,0
70324,0x7ff76c85cbac,1,0
70324,0x7ff76c85b6e3,1,0
70324,0x7ff76c85b432,1,0
70324,0x7ff76c2b8444,1,0
70324,0x7ff76c2b2318,1,0
70324,0x7ff76c2b19fa,1,0
70324,0x7ff76c19237c,1,0
70324,0x7ff76d9a55c5,1,0
70324,0x7ff76c0ae376,1,0
70324,0x7ff76c0ae31d,1,0
70324,0x7ff76bbffd42,1,0
70324,0x7ff76bb59297,1,0
70324,0x7ff76bb559a5,1,0
70324,0x7ff76ba78889,1,0
70324,0x7ff76ba63f93,1,0
70324,0x7ff76ba63d03,1,0
70324,0x7ff76ba1b1a9,1,0
70324,0x7ff76ba19d6d,1,0
70324,0x7ff76b91fd5f,1,0
70324,0x7ff76b91fc71,1,0
70324,0x7ff76ae6b240,1,0
70324,0x7ff76d9c9a53,1,0
70324,0x7ff76d9da3b8,1,0
70324,0x7ff76d9d9dd0,1,0
70324,0x7ff76d9d948c,1,0
70324,0x7ff76d9d9189,1,0
70324,0x7ff76d9d5fc3,1,0
70324,0x7ff76d9d5f70,1,0
70324,0x7ff76d9d5b18,1,0
70324,0x7ff76d9d5aa2,1,0
70324,0x7ff76d9d58c1,1,0
70324,0x7ff76d9d2daa,1,0
70324,0x7ff76d9d1ba8,1,0
70324,0x7ff76d9d10cb,1,0
70324,0x7ff76d9cd090,1,0
70324,0x7ff76ae5e041,1,0
70324,0x7ff76d9c8b0c,1,0
70324,0x7ff76d9c78f1,1,0
70324,0x7ff76d9af6eb,1,0
70324,0x7ff76d9abd5f,1,0
70324,0x7ff76d9a8e77,1,0
70324,0x7ff76d9a72b1,1,0
70324,0x7ff76d9a6a6a,1,0
70324,0x7ff76d9a5e80,1,0
70324,0x7ff7694f228b,1,0
70324,0x7ff76d9a55ef,1,0
70324,0x7ff76d9a55cf,1,0
70324,0x7ff76d9a55ca,1,0
70324,0x7ff76ab6879f,1,0
70324,0x7ff76ab93183,1,0
70324,0x7ff76ab7c682,1,0
70324,0x7ff76ab7aff6,1,0
70324,0x7ff76ab7a48c,1,0
70324,0x7ff76ab79c7c,1,0
70324,0x7ff76ab794e5,1,0
70324,0x7ff76ab79464,1,0
70324,0x7ff76ab6fe1f,1,0
70324,0x7ff76ab69c56,1,0
70324,0x7ff76ab691f8,1,0
70324,0x7ff76ab69149,1,0
70324,0x7ff76ab68eda,1,0
70324,0x7ff76ab688e6,1,0
70324,0x7ff76aba18a5,1,0
70324,0x7ff76ab67f37,1,0
70324,0x7ff76ab51355,1,0
70324,0x7ff76ab3a4d2,1,0
70324,0x7ff76ab39eb1,1,0
70324,0x7ff76ab39ba1,1,0
70324,0x7ff76ab392a7,1,0
70324,0x7ff76ab38fa8,1,0
70324,0x7ff76ab382a9,1,0
70324,0x7ff76ab37b1c,1,0
70324,0x7ff76ab379b4,1,0
70324,0x7ff76ab37245,1,0
70324,0x7ff76ab371b4,1,0
70324,0x7ff76ab37154,1,0
70324,0x7ff76ac8bba4,1,0
70324,0x7ff76ae43138,1,0
70324,0x7ff76ae3cae6,1,0
70324,0x7ff76ae3c9c1,1,0
70324,0x7ff76ae2c94d,1,0
70324,0x7ff76aca595b,1,0
70324,0x7ff76aca4cbd,1,0
70324,0x7ff76aca4a53,1,0
70324,0x7ff76aca46f6,1,0
70324,0x7ff76ac9ff45,1,0
70324,0x7ff76ac9e689,1,0
70324,0x7ff76ac96768,1,0
70324,0x7ff76ac95424,1,0
70324,0x7ff76ac952ff,1,0
70324,0x7ff76d9da42a,1,0
70324,0x7ff76ac8ba83,1,0
70324,0x7ff76ac878cb,1,0
70324,0x7ff76ac87224,1,0
70324,0x7ff76ac31176,1,0
70324,0x7ff76ac25c41,1,0
70324,0x7ff76ac0d501,1,0
70324,0x7ff76ac086c7,1,0
70324,0x7ff76abf1203,1,0
70324,0x7ff76abec364,1,0
70324,0x7ff76abe351d,1,0
70324,0x7ff76aba2112,1,0
70324,0x7ff76aba1b8f,1,0
70324,0x7ff76de684be,1,0
70324,0x7ff76dfd4918,1,0
70324,0x7ff76dfd4445,1,0
70324,0x7ff76dfc19b3,1,0
70324,0x7ff76dfa394a,1,0
70324,0x7ff76df2de2f,1,0
70324,0x7ff76dee85e7,1,0
70324,0x7ff76deda5c4,1,0
70324,0x7ff76ded1e27,1,0
70324,0x7ff76deca5a3,1,0
70324,0x7ff76debf04f,1,0
70324,0x7ff76deb1241,1,0
70324,0x7ff76deb06d3,1,0
70324,0x7ff76dea8b6a,1,0
70324,0x7ff76dfe0ec2,1,0
70324,0x7ff76de68381,1,0
70324,0x7ff76de519e3,1,0
70324,0x7ff76de3e32a,1,0
70324,0x7ff76dcf1df1,1,0
70324,0x7ff76dc4b122,1,0
70324,0x7ff76dc35801,1,0
70324,0x7ff76dc28d89,1,0
70324,0x7ff76dc21407,1,0
70324,0x7ff76dbfe4a2,1,0
70324,0x7ff76dbf6b67,1,0
70324,0x7ff76db8f3b8,1,0
70324,0x7ff76db6d0a7,1,0
70324,0x7ff76db6ca81,1,0
70324,0x7ff76e8bfaff,1,0
70324,0x7ff76e3b796a,1,0
70324,0x7ff76e3b7943,1,0
70324,0x7ff76e2eec02,1,0
70324,0x7ff76e2d7407,1,0
70324,0x7ff76e2978d2,1,0
70324,0x7ff76e295ec3,1,0
70324,0x7ff76e27b803,1,0
70324,0x7ff76e274663,1,0
70324,0x7ff76e26ec1f,1,0
70324,0x7ff76e259d43,1,0
70324,0x7ff76e1cd784,1,0
70324,0x7ff76e1888c3,1,0
70324,0x7ff76e176d17,1,0
70324,0x7ff76daf1604,1,0
70324,0x7ff76e144421,1,0
70324,0x7ff76e1413a3,1,0
70324,0x7ff76e140fd3,1,0
70324,0x7ff76e13f1db,1,0
70324,0x7ff76e13b898,1,0
70324,0x7ff76e1389e3,1,0
70324,0x7ff76e136c42,1,0
70324,0x7ff76e0b91a0,1,0
70324,0x7ff76e0b7bd0,1,0
70324,0x7ff76e0ad1ec,1,0
70324,0x7ff76e0a7764,1,0
70324,0x7ff76e06c63b,1,0
70324,0x7ff76d9fad2f,1,0
70324,0x7ff76d9fd23d,1,0
70324,0x7ff76d9fd0e2,1,0
70324,0x7ff76d9fd0b6,1,0
70324,0x7ff76d9fd04c,1,0
70324,0x7ff76d9fcf04,1,0
70324,0x7ff76d9fcbda,1,0
70324,0x7ff76d9fca01,1,0
70324,0x7ff76d9fbd25,1,0
70324,0x7ff76d9fb70d,1,0
70324,0x7ff76d9fb642,1,0
70324,0x7ff76d9faed8,1,0
70324,0x7ff76d9fae42,1,0
70324,0x7ff76d9fae0f,1,0
70324,0x7ff76d9fd42c,1,0
70324,0x7ff76d9fa9d6,1,0
70324,0x7ff76d9fa914,1,0
70324,0x7ff76d9fa7ef,1,0
70324,0x7ff76d9fa615,1,0
70324,0x7ff76d9fa275,1,0
70324,0x7ff76d9e91e2,1,0
70324,0x7ff76d9e7d27,1,0
70324,0x7ff76d9e60f2,1,0
70324,0x7ff76d9e3cbd,1,0
70324,0x7ff76d9e04ea,1,0
70324,0x7ff76d9deb0c,1,0
70324,0x7ff76d9dc0c8,1,0
70324,0x7ff76d9db51f,1,0
70324,0x7ff76da7e63e,1,0
70324,0x7ff76dad1efe,1,0
70324,0x7ff76dabe91a,1,0
70324,0x7ff76dab91c5,1,0
70324,0x7ff76dab85d7,1,0
70324,0x7ff76dab7b12,1,0
70324,0x7ff76daad861,1,0
70324,0x7ff76da99dd4,1,0
70324,0x7ff76da91c28,1,0
70324,0x7ff76da8a145,1,0
70324,0x7ff76da7ed15,1,0
70324,0x7ff76da7eaa5,1,0
70324,0x7ff76da7ea66,1,0
70324,0x7ff76da7e793,1,0
70324,0x7ff76e3b7a12,1,0
70324,0x7ff76da71cc4,1,0
70324,0x7ff76da6e54b,1,0
70324,0x7ff76da47627,1,0
70324,0x7ff76da47607,1,0
70324,0x7ff7694f21e5,1,0
70324,0x7ff76da4741c,1,0
70324,0x7ff76da472e1,1,0
70324,0x7ff76d9fde74,1,0
70324,0x7ff76d9fd922,1,0
70324,0x7ff76d9fd6b3,1,0
70324,0x7ff76d9fd64a,1,0
70324,0x7ff76d9fd562,1,0
70324,0x7ff770a6a247,1,0
70324,0x7ff770b26485,1,0
70324,0x7ff770b211bf,1,0
70324,0x7ff770b21084,1,0
70324,0x7ff770b0ace5,1,0
70324,0x7ff770afc1fb,1,0
70324,0x7ff770af5efe,1,0
70324,0x7ff770af5e62,1,0
70324,0x7ff770af04ae,1,0
70324,0x7ff770af04a3,1,0
70324,0x7ff770af021f,1,0
70324,0x7ff770ab3bf7,1,0
70324,0x7ff770a958f7,1,0
70324,0x7ff770a92447,1,0
70324,0x7ff770b267c7,1,0
70324,0x7ff770a65de3,1,0
70324,0x7ff770a63143,1,0
70324,0x7ff770a62f4e,1,0
70324,0x7ff770a577e7,1,0
70324,0x7ff770a4fc72,1,0
70324,0x7ff770a4cdbe,1,0
70324,0x7ff770a480bb,1,0
70324,0x7ff770a43ac6,1,0
70324,0x7ff770a366a7,1,0
70324,0x7ff770a36663,1,0
70324,0x7ff770a3662d,1,0
70324,0x7ff770a0fd4b,1,0
70324,0x7ff770b8a353,1,0
70324,0x7ff770bf2b03,1,0
70324,0x7ff770bf2acf,1,0
70324,0x7ff770beb554,1,0
70324,0x7ff770bea2c7,1,0
70324,0x7ff770ba22d7,1,0
70324,0x7ff770b9e227,1,0
70324,0x7ff770b9dfad,1,0
70324,0x7ff770b9a2b8,1,0
70324,0x7ff770b8fc28,1,0
70324,0x7ff770b8e4c1,1,0
70324,0x7ff770b8d7c2,1,0
70324,0x7ff770b8b503,1,0
70324,0x7ff770b8a403,1,0
70324,0x7ff770a0a513,1,0
70324,0x7ff770b88a0d,1,0
70324,0x7ff770b88997,1,0
70324,0x7ff770b886c5,1,0
70324,0x7ff770b886a0,1,0
70324,0x7ff770b87f5c,1,0
70324,0x7ff770b63271,1,0
70324,0x7ff770b5d6c0,1,0
70324,0x7ff770b5ad67,1,0
70324,0x7ff770b59101,1,0
70324,0x7ff770b58166,1,0
70324,0x7ff770b4a81a,1,0
70324,0x7ff770b3b100,1,0
70324,0x7ff77086a581,1,0
70324,0x7ff77099c426,1,0
70324,0x7ff77099bbc6,1,0
70324,0x7ff77099b652,1,0
70324,0x7ff77099b206,1,0
70324,0x7ff770999ec3,1,0
70324,0x7ff77096debf,1,0
70324,0x7ff77096de83,1,0
70324,0x7ff77096dd41,1,0
70324,0x7ff77096dd40,1,0
70324,0x7ff770941645,1,0
70324,0x7ff77093cf05,1,0
70324,0x7ff7708f0027,1,0
70324,0x7ff77086acb4,1,0
70324,0x7ff77099c80a,1,0
70324,0x7ff770867b95,1,0
70324,0x7ff77086114a,1,0
70324,0x7ff77085fd47,1,0
70324,0x7ff7706e06a1,1,0
70324,0x7ff7706d4f93,1,0
70324,0x7ff77069ad0f,1,0
70324,0x7ff7706855bb,1,0
70324,0x7ff77065fbda,1,0
70324,0x7ff76f017ff6,1,0
70324,0x7ff76f017c0e,1,0
70324,0x7ff76f017488,1,0
70324,0x7ff76f016bb2,1,0
70324,0x7ff7709b44a3,1,0
70324,0x7ff770a08570,1,0
70324,0x7ff770a04d21,1,0
70324,0x7ff7709e2f65,1,0
70324,0x7ff7709e26c3,1,0
70324,0x7ff7709e201f,1,0
70324,0x7ff7709e1933,1,0
70324,0x7ff7709e10b3,1,0
70324,0x7ff7709dfdab,1,0
70324,0x7ff7709df802,1,0
70324,0x7ff7709dc4a2,1,0
70324,0x7ff7709c2054,1,0
70324,0x7ff7709c1682,1,0
70324,0x7ff770c1e1c3,1,0
70324,0x7ff7709af802,1,0
70324,0x7ff7709a5581,1,0
70324,0x7ff7709a44c4,1,0
70324,0x7ff7709a4335,1,0
70324,0x7ff7709a398b,1,0
70324,0x7ff7709a3931,1,0
70324,0x7ff7709a325f,1,0
70324,0x7ff7709a2c33,1,0
70324,0x7ff7709a0e78,1,0
70324,0x7ff7709a0519,1,0
70324,0x7ff7709a038c,1,0
70324,0x7ff77099d14e,1,0
70324,0x7ffcc846d840,1,0
70324,0x7ffd4712b1e0,1,0
70324,0x7ffd46afb390,1,0
70324,0x7ff7694f1b50,1,0
70324,0x7ff7694f1b54,1,0
70324,0x7ff7694f1ba3,1,0
70324,0x7ffd25e21b2c,1,0
70324,0x7ffd25e21b1e,1,0
70324,0x7ffd25e21b07,1,0
70324,0x7ffd23e57540,1,0
70324,0x7ffcce85c8e7,1,0
70324,0x7ffcce85c8c0,1,0
70324,0x7ffcc8491288,1,0
70324,0x7ffcc84703ca,1,0
70324,0x7ffd4744cdf3,1,0
70324,0x7ffcc846b904,1,0
70324,0x7ff7694f1bfa,1,0
70324,0x7ffc8022e1b2,1,0
70324,0x7ff7694f1cd5,1,0
70324,0x7ffc8022e197,1,0
70324,0x7ffc800cb727,1,0
70324,0x7ffc7ff651e9,1,0
70324,0x7ffc7fc27f43,1,0
70324,0x7ffc63103ee1,1,0
70324,0x7ffc63103d91,1,0
70324,0x7ffc63100570,1,0
70324,0x7ffc630ffc50,1,0
70324,0x7ffd4746458e,1,0
70324,0x7ff7694f17d3,1,0
70324,0x7ff7694f1892,1,0
70324,0x7ff7694f1a7b,1,0
70324,0x7ff7694f1af6,1,0
70324,0x7ffd48f0d753,1,0
70324,0x7ffd48f0d6e4,1,0
70324,0x7ff7694f1af9,1,0
70324,0x7ff7694f1afc,1,0
70324,0x7ffd48ec3a92,1,0
70324,0x7ff7694f1b19,1,0
70324,0x7ffd48e9b40f,1,0
70324,0x7ffd48e86530,1,0
70324,0x7ff7694f1b20,1,0
70324,0x7ffc62f5a3fe,1,0
70324,0x7ff7694f1b27,1,0
70324,0x7ffd474644ce,1,0
70324,0x7ffd474644c9,1,0
70324,0x7ffd474644c0,1,0
70324,0x7ffd4746445a,1,0
70324,0x7ff7694f1b38,1,0
70324,0x7ffd4744ce7e,1,0
70324,0x7ffd4744ce68,1,0
70324,0x7ffd4744ce5d,1,0
70324,0x7ffd4744ce43,1,0
70324,0x7ffd4744ce05,1,0
70324,0x7ff7694f1b48,1,0
70324,0x7ff771702d3e,1,0
70324,0x7ff7717ce02d,1,0
70324,0x7ff7717cd29e,1,0
70324,0x7ff7717cd239,1,0
70324,0x7ff7717cd077,1,0
70324,0x7ff7717ca6eb,1,0
70324,0x7ff7717c998f,1,0
70324,0x7ff7717c4f94,1,0
70324,0x7ff7717c3e8e,1,0
70324,0x7ff7717b5d86,1,0
70324,0x7ff771767423,1,0
70324,0x7ff7717195e5,1,0
70324,0x7ff771708ce0,1,0
70324,0x7ff771707e8f,1,0
70324,0x7ff7717ce2b9,1,0
70324,0x7ff7717012f7,1,0
70324,0x7ff7716f0934,1,0
70324,0x7ff7715fd462,1,0
70324,0x7ff771387cbb,1,0
70324,0x7ff77137a137,1,0
70324,0x7ff770f7b6aa,1,0
70324,0x7ff770f7b4a2,1,0
70324,0x7ff770f7b0ef,1,0
70324,0x7ff770cdcacc,1,0
70324,0x7ff770cdbe29,1,0
70324,0x7ff770c98aaa,1,0
70324,0x7ff770c94d46,1,0
70324,0x7ff771810d41,1,0
70324,0x7ffc62f59abf,1,0
70324,0x7ffc62f57c25,1,0
70324,0x7ffc62f4b8f7,1,0
70324,0x7ffc62f06a01,1,0
70324,0x7ffc62f03672,1,0
70324,0x7ffc62ecca0a,1,0
70324,0x7ffc62ecbe84,1,0
70324,0x7ffc25073f96,1,0
70324,0x7ffc24f94449,1,0
70324,0x7ff77181ca53,1,0
70324,0x7ff77181b3f0,1,0
70324,0x7ff77181208a,1,0
70324,0x7ff76f0142ab,1,0
70324,0x7ff7694f1d3f,1,0
70324,0x7ff771810bc0,1,0
70324,0x7ff771810b20,1,0
70324,0x7ff771810acc,1,0
70324,0x7ff7694f1de3,1,0
70324,0x7ff771810a6f,1,0
70324,0x7ff771810a62,1,0
70324,0x7ff771810a5b,1,0
70324,0x7ff77180fff2,1,0
70324,0x7ff77180feb1,1,0
70324,0x7ff77180fe42,1,0
70324,0x7ff7717d0f93,1,0
70324,0x7ff76eb67192,1,0
70324,0x7ff76eb728e8,1,0
70324,0x7ff76eb725b3,1,0
70324,0x7ff76eb724e8,1,0
70324,0x7ff76eb71ded,1,0
70324,0x7ff76eb71da0,1,0
70324,0x7ff76eb71cbe,1,0
70324,0x7ff76eb71895,1,0
70324,0x7ff76eb715b2,1,0
70324,0x7ff76eb71581,1,0
70324,0x7ff76eb6f8fc,1,0
70324,0x7ff76eb6f76a,1,0
70324,0x7ff76eb6f6bd,1,0
70324,0x7ff76eb68ab9,1,0
70324,0x7ff76eb76951,1,0
70324,0x7ff76eb623d6,1,0
70324,0x7ff76eb5d1c0,1,0
70324,0x7ff76eb5a38f,1,0
70324,0x7ff76eb59b5e,1,0
70324,0x7ff76eb58a9f,1,0
70324,0x7ff76eb56f8e,1,0
70324,0x7ff76eb54d6d,1,0
70324,0x7ff76eb53f46,1,0
70324,0x7ff76eb5396f,1,0
70324,0x7ff76eb528a6,1,0
70324,0x7ff76eb52674,1,0
70324,0x7ff76eb5183f,1,0
70324,0x7ff76eb814be,1,0
70324,0x7ff76ebad632,1,0
70324,0x7ff76eba7f37,1,0
70324,0x7ff76eba5deb,1,0
70324,0x7ff76eba45ff,1,0
70324,0x7ff76eb9e7b0,1,0
70324,0x7ff76eb98ded,1,0
70324,0x7ff76eb8a073,1,0
70324,0x7ff76eb85240,1,0
70324,0x7ff76eb8363d,1,0
70324,0x7ff76eb8359d,1,0
70324,0x7ff76eb82b23,1,0
70324,0x7ff76eb8262b,1,0
70324,0x7ff76eb819c4,1,0
70324,0x7ff76eb500a2,1,0
70324,0x7ff76eb7d94e,1,0
70324,0x7ff76eb7cdef,1,0
70324,0x7ff76eb7cc0e,1,0
70324,0x7ff76eb7c508,1,0
70324,0x7ff76eb7c4f4,1,0
70324,0x7ff76eb7c0f2,1,0
70324,0x7ff76eb7add3,1,0
70324,0x7ff76eb7ac40,1,0
70324,0x7ff76eb7a54c,1,0
70324,0x7ff76eb76c51,1,0
70324,0x7ff76eb76b36,1,0
70324,0x7ff76eb76a86,1,0
70324,0x7ff76e8ba7f3,1,0
70324,0x7ff76e8c0003,1,0
70324,0x7ff76aaebda0,1,0
70324,0x7ff76e8bf408,1,0
70324,0x7ff76e8bf308,1,0
70324,0x7ff76e8bf194,1,0
70324,0x7ff76e8be5c7,1,0
70324,0x7ff76e8be527,1,0
70324,0x7ff76e8bdb90,1,0
70324,0x7ff76e8bca74,1,0
70324,0x7ff76e8bc92f,1,0
70324,0x7ff76e8bc825,1,0
70324,0x7ff76e8bb31a,1,0
70324,0x7ff76e8bad2f,1,0
70324,0x7ff76e8c0261,1,0
70324,0x7ff76e8b8f10,1,0
70324,0x7ff76e8b8be3,1,0
70324,0x7ff76e8b796d,1,0
70324,0x7ff76e8b73f7,1,0
70324,0x7ff76e8b63ed,1,0
70324,0x7ff76e8b6331,1,0
70324,0x7ff76e8b5bfa,1,0
70324,0x7ff76e8b5b4c,1,0
70324,0x7ff76e8b5b27,1,0
70324,0x7ff76e8b5683,1,0
70324,0x7ff76e893bc2,1,0
70324,0x7ff76e8939c6,1,0
70324,0x7ff76ea70cbe,1,0
70324,0x7ff76eb490da,1,0
70324,0x7ff76eb3cd95,1,0
70324,0x7ff76eb3aa6a,1,0
70324,0x7ff76eaf1927,1,0
70324,0x7ff76ea71a3b,1,0
70324,0x7ff76ea70e07,1,0
70324,0x7ff76ea70df9,1,0
70324,0x7ff76ea70de3,1,0
70324,0x7ff7694f1fe3,1,0
70324,0x7ff76ea70d60,1,0
70324,0x7ff76ea70d50,1,0
70324,0x7ff76ea70cc8,1,0
70324,0x7ff7694f1f5a,1,0
70324,0x7ff76ea70c9d,1,0
70324,0x7ff76e9f4461,1,0
70324,0x7ff76e9d2550,1,0
70324,0x7ff76e982c57,1,0
70324,0x7ff76e975d83,1,0
70324,0x7ff76e974cf8,1,0
70324,0x7ff76e9734d3,1,0
70324,0x7ff76e96d703,1,0
70324,0x7ff76e9516bc,1,0
70324,0x7ff76e8c052b,1,0
70324,0x7ff76e8c0524,1,0
70324,0x7ff76e8c0267,1,0
70324,0x7ff76ec27b9c,1,0
70324,0x7ff7694f1ef5,1,0
70324,0x7ff76ec3a6c4,1,0
70324,0x7ff76ec3a623,1,0
70324,0x7ff76ec3a5df,1,0
70324,0x7ff76ec3a5c5,1,0
70324,0x7ff7694f1f23,1,0
70324,0x7ff76ec3a53d,1,0
70324,0x7ff76ec3a4ad,1,0
70324,0x7ff76ec2a132,1,0
70324,0x7ff76ec28c5f,1,0
70324,0x7ff76ec285e4,1,0
70324,0x7ff76ec28525,1,0
70324,0x7ff76ec283f5,1,0
70324,0x7ff76ec3a897,1,0
70324,0x7ff76ec2791a,1,0
70324,0x7ff76ec27664,1,0
70324,0x7ff76ec275f9,1,0
70324,0x7ff76ec27203,1,0
70324,0x7ff76ec270d2,1,0
70324,0x7ff76ec2709e,1,0
70324,0x7ff76ec26f4a,1,0
70324,0x7ff76ec26bee,1,0
70324,0x7ff76ec26b5b,1,0
70324,0x7ff76ec2681f,1,0
70324,0x7ff76ec2652f,1,0
70324,0x7ff76ec2652a,1,0
70324,0x7ff76ed3296b,1,0
70324,0x7ff76f014195,1,0
70324,0x7ff76f013f18,1,0
70324,0x7ff76f013eff,1,0
70324,0x7ff76f013ea1,1,0
70324,0x7ff76f012a93,1,0
70324,0x7ff76eec7272,1,0
70324,0x7ff76eec5197,1,0
70324,0x7ff76eea41d1,1,0
70324,0x7ff76ee8f994,1,0
70324,0x7ff76ee5a57c,1,0
70324,0x7ff76ee4060c,1,0
70324,0x7ff76ed32b37,1,0
70324,0x7ff76ed32b0c,1,0
70324,0x7ff76ec264fe,1,0
70324,0x7ff76ed32908,1,0
70324,0x7ff76ed3020d,1,0
70324,0x7ff76ed2ef12,1,0
70324,0x7ff76ecb0a65,1,0
70324,0x7ff76ec9aee6,1,0
70324,0x7ff76ec5821d,1,0
70324,0x7ff76ec58032,1,0
70324,0x7ff76ec536c3,1,0
70324,0x7ff76ec41444,1,0
70324,0x7ff76ec411ba,1,0
70324,0x7ff76ec40f01,1,0
70324,0x7ff76ec3a8fd,1,0
70324,0x7ff76ebbc371,1,0
70324,0x7ff76ebfe1ee,1,0
70324,0x7ff76ebfd8ba,1,0
70324,0x7ff76ebfc64f,1,0
70324,0x7ff76ebfbdb1,1,0
70324,0x7ff76ebfa304,1,0
70324,0x7ff76ebfa1a4,1,0
70324,0x7ff76ebf96e9,1,0
70324,0x7ff76ebf71bd,1,0
70324,0x7ff76ebdb6d2,1,0
70324,0x7ff76ebd9654,1,0
70324,0x7ff76ebd8872,1,0
70324,0x7ff76ebd8127,1,0
70324,0x7ff76ebd7677,1,0
70324,0x7ff76ebff182,1,0
70324,0x7ff7694f1f33,1,0
70324,0x7ff76ebb7d87,1,0
70324,0x7ff76ebb7d6f,1,0
70324,0x7ff76ebb7d67,1,0
70324,0x7ff76ebb7d63,1,0
70324,0x7ff76ebb7d2f,1,0
70324,0x7ff76ebb7d25,1,0
70324,0x7ff76ebb7cdd,1,0
70324,0x7ff76ebb7cb1,1,0
70324,0x7ff76ebb7c48,1,0
70324,0x7ff76ebb7c45,1,0
70324,0x7ff76ebb7c1f,1,0
70324,0x7ff76ec253b1,1,0
70324,0x7ff76ec263e5,1,0
70324,0x7ff76ec26272,1,0
70324,0x7ff76ec26244,1,0
70324,0x7ff76ec25e41,1,0
70324,0x7ff76ec25bb3,1,0
70324,0x7ff76ec25ac6,1,0
70324,0x7ff76ec25a86,1,0
70324,0x7ff76ec2594c,1,0
70324,0x7ff76ec2570b,1,0
70324,0x7ff76ec256e8,1,0
70324,0x7ff76ec255d3,1,0
70324,0x7ff76ec255ab,1,0
70324,0x7ff76e81a825,1,0
70324,0x7ff76ec25387,1,0
70324,0x7ff76ec252b7,1,0
70324,0x7ff76ec250b5,1,0
70324,0x7ff76ec24e83,1,0
70324,0x7ff76ec230c2,1,0
70324,0x7ff76ec22a4a,1,0
70324,0x7ff76ec22740,1,0
70324,0x7ff76ec2217a,1,0
70324,0x7ff76ec16d9c,1,0
70324,0x7ff76ec152d3,1,0
70324,0x7ff76ebff7f3,1,0
70324,0x7ff76ebff29f,1,0
70324,0x7ff7695138e6,1,0
70324,0x7ff769546848,1,0
70324,0x7ff769546821,1,0
70324,0x7ff7695467e6,1,0
70324,0x7ff76954678f,1,0
70324,0x7ff769546744,1,0
70324,0x7ff769546706,1,0
70324,0x7ff7695466d6,1,0
70324,0x7ff769513862,1,0
70324,0x7ff7695466bf,1,0
70324,0x7ff7695466ba,1,0
70324,0x7ff769513864,1,0
70324,0x7ff76954668b,1,0
70324,0x7ff76954667d,1,0
70324,0x7ff7695468ab,1,0
70324,0x7ff769546657,1,0
70324,0x7ff769546652,1,0
70324,0x7ff769546649,1,0
70324,0x7ff769546643,1,0
70324,0x7ff769546637,1,0
70324,0x7ff7695138eb,1,0
70324,0x7ff76954661e,1,0
70324,0x7ff769513923,1,0
70324,0x7ff769546603,1,0
70324,0x7ff7695465ea,1,0
70324,0x7ff769513936,1,0
70324,0x7ff7695465cf,1,0
70324,0x7ff769548fd2,1,0
70324,0x7ff7694fc916,1,0
70324,0x7ff769549a22,1,0
70324,0x7ff769549925,1,0
70324,0x7ff7695497d5,1,0
70324,0x7ff7695496a7,1,0
70324,0x7ff76954965d,1,0
70324,0x7ff769549498,1,0
70324,0x7ff769549416,1,0
70324,0x7ff7695493fc,1,0
70324,0x7ff7695493ea,1,0
70324,0x7ff7695491d7,1,0
70324,0x7ff7694fce9d,1,0
70324,0x7ff7695465bb,1,0
70324,0x7ff769548836,1,0
70324,0x7ff769508432,1,0
70324,0x7ff7695484a4,1,0
70324,0x7ff769547e6a,1,0
70324,0x7ff76950843c,1,0
70324,0x7ff769547ce9,1,0
70324,0x7ff769547ccb,1,0
70324,0x7ff769513835,1,0
70324,0x7ff76951383c,1,0
70324,0x7ff76951385c,1,0
70324,0x7ff769547642,1,0
70324,0x7ff7695468f0,1,0
70324,0x7ff769542e88,1,0
70324,0x7ff769515e6e,1,0
70324,0x7ff76954445e,1,0
70324,0x7ff769544457,1,0
70324,0x7ff769544375,1,0
70324,0x7ff769544303,1,0
70324,0x7ff769515e71,1,0
70324,0x7ff76954429e,1,0
70324,0x7ff76954372c,1,0
70324,0x7ff769543649,1,0
70324,0x7ff769515e78,1,0
70324,0x7ff769515e84,1,0
70324,0x7ff769515f87,1,0
70324,0x7ff7695430d3,1,0
70324,0x7ff769515e6c,1,0
70324,0x7ff769515f8a,1,0
70324,0x7ff769515f97,1,0
70324,0x7ff769515fc1,1,0
70324,0x7ff769515fce,1,0
70324,0x7ff7695160aa,1,0
70324,0x7ff769542dc4,1,0
70324,0x7ff769542dc1,1,0
70324,0x7ff769542dbd,1,0
70324,0x7ff769542db8,1,0
70324,0x7ff769542d43,1,0
70324,0x7ff769542d29,1,0
70324,0x7ff769542082,1,0
70324,0x7ff769546308,1,0
70324,0x7ff7695465b6,1,0
70324,0x7ff769513c40,1,0
70324,0x7ff76954659e,1,0
70324,0x7ff76954659b,1,0
70324,0x7ff769513cbf,1,0
70324,0x7ff769546570,1,0
70324,0x7ff769546558,1,0
70324,0x7ff76954652b,1,0
70324,0x7ff769546327,1,0
70324,0x7ff769546321,1,0
70324,0x7ff76954630e,1,0
70324,0x7ff76954630b,1,0
70324,0x7ff769549a3d,1,0
70324,0x7ff769515e33,1,0
70324,0x7ff769515e43,1,0
70324,0x7ff7695462d1,1,0
70324,0x7ff7695462cc,1,0
70324,0x7ff7695462c1,1,0
70324,0x7ff7695462b1,1,0
70324,0x7ff7695462a5,1,0
70324,0x7ff769546161,1,0
70324,0x7ff769544ccc,1,0
70324,0x7ff769544b05,1,0
70324,0x7ff769544636,1,0
70324,0x7ff769544497,1,0
70324,0x7ff76954f0db,1,0
70324,0x7ff769551e4c,1,0
70324,0x7ff7694f5588,1,0
70324,0x7ff769550880,1,0
70324,0x7ff7695507ca,1,0
70324,0x7ff7695507c4,1,0
70324,0x7ff7695505e6,1,0
70324,0x7ff7695505de,1,0
70324,0x7ff7695505d5,1,0
70324,0x7ff76954fb53,1,0
70324,0x7ff76954f3db,1,0
70324,0x7ff76954f2ce,1,0
70324,0x7ff76954f25b,1,0
70324,0x7ff76954f1b2,1,0
70324,0x7ff7694f5579,1,0
70324,0x7ff76954efd2,1,0
70324,0x7ff76954ef94,1,0
70324,0x7ff76954ed11,1,0
70324,0x7ff76954ecde,1,0
70324,0x7ff76954ecd4,1,0
70324,0x7ff76954ecb0,1,0
70324,0x7ff76954ec1b,1,0
70324,0x7ff76954ec18,1,0
70324,0x7ff76954ec0c,1,0
70324,0x7ff76954ebb2,1,0
70324,0x7ff76954e8c3,1,0
70324,0x7ff76954e839,1,0
70324,0x7ff7694f5522,1,0
70324,0x7ff7695558dd,1,0
70324,0x7ff7695552ef,1,0
70324,0x7ff7695538d5,1,0
70324,0x7ff769553779,1,0
70324,0x7ff7695525e1,1,0
70324,0x7ff769552091,1,0
70324,0x7ff7694f4fa1,1,0
70324,0x7ff76955206d,1,0
70324,0x7ff769552035,1,0
70324,0x7ff76955200f,1,0
70324,0x7ff769552005,1,0
70324,0x7ff7694f54c8,1,0
70324,0x7ff76954e79b,1,0
70324,0x7ff769551f82,1,0
70324,0x7ff7694f5528,1,0
70324,0x7ff769551f6a,1,0
70324,0x7ff769551f31,1,0
70324,0x7ff769551f2a,1,0
70324,0x7ff769551f15,1,0
70324,0x7ff769551f11,1,0
70324,0x7ff769551ef4,1,0
70324,0x7ff769551eec,1,0
70324,0x7ff769551ed5,1,0
70324,0x7ff769551ec2,1,0
70324,0x7ff769551ec0,1,0
70324,0x7ff7694f5c16,1,0
70324,0x7ff76954da12,1,0
70324,0x7ff76954cd89,1,0
70324,0x7ff7694f585d,1,0
70324,0x7ff76954c8e5,1,0
70324,0x7ff7694f58a5,1,0
70324,0x7ff7694f5926,1,0
70324,0x7ff76954b7ea,1,0
70324,0x7ff7694f59a3,1,0
70324,0x7ff7694f59fa,1,0
70324,0x7ff76954b793,1,0
70324,0x7ff7694f5a85,1,0
70324,0x7ff76954b77c,1,0
70324,0x7ff7694f5762,1,0
70324,0x7ff76954b71e,1,0
70324,0x7ff76954b704,1,0
70324,0x7ff76954b6cb,1,0
70324,0x7ff76954b5c2,1,0
70324,0x7ff76954b596,1,0
70324,0x7ff76954a42a,1,0
70324,0x7ff76954a24b,1,0
70324,0x7ff76954a22d,1,0
70324,0x7ff76954a13e,1,0
70324,0x7ff76954a0a4,1,0
70324,0x7ff769549afa,1,0
70324,0x7ff769549adb,1,0
70324,0x7ff7694f56dc,1,0
70324,0x7ff76954e791,1,0
70324,0x7ff7694f55a1,1,0
70324,0x7ff7694f55ad,1,0
70324,0x7ff76954e5c0,1,0
70324,0x7ff76954e58b,1,0
70324,0x7ff7694f55d5,1,0
70324,0x7ff76954e539,1,0
70324,0x7ff76954e49e,1,0
70324,0x7ff76954e470,1,0
70324,0x7ff76954e441,1,0
70324,0x7ff76954e435,1,0
70324,0x7ff76954e30c,1,0
70324,0x7ff76953e4bb,1,0
70324,0x7ff76954e2de,1,0
70324,0x7ff7694f5704,1,0
70324,0x7ff76954e257,1,0
70324,0x7ff76954e250,1,0
70324,0x7ff76954e23c,1,0
70324,0x7ff76954e21d,1,0
70324,0x7ff76954e205,1,0
70324,0x7ff76954e1f4,1,0
70324,0x7ff76954e1ed,1,0
70324,0x7ff76954e153,1,0
70324,0x7ff76954e145,1,0
70324,0x7ff76954e05e,1,0
70324,0x7ff76951f741,1,0
70324,0x7ff769520a23,1,0
70324,0x7ff769520a15,1,0
70324,0x7ff769520727,1,0
70324,0x7ff769519650,1,0
70324,0x7ff76951fe2b,1,0
70324,0x7ff76951fe0a,1,0
70324,0x7ff769519656,1,0
70324,0x7ff76951fbbe,1,0
70324,0x7ff769519682,1,0
70324,0x7ff76951f780,1,0
70324,0x7ff76951f779,1,0
70324,0x7ff76951988e,1,0
70324,0x7ff7695198bd,1,0
70324,0x7ff769520a2a,1,0
70324,0x7ff76951f71f,1,0
70324,0x7ff7695199e0,1,0
70324,0x7ff76951f702,1,0
70324,0x7ff76951f6fe,1,0
70324,0x7ff7695199e2,1,0
70324,0x7ff76951f621,1,0
70324,0x7ff76951f48f,1,0
70324,0x7ff7695199e6,1,0
70324,0x7ff76951f465,1,0
70324,0x7ff76951f461,1,0
70324,0x7ff76951efb1,1,0
70324,0x7ff76951c801,1,0
70324,0x7ff7695212b9,1,0
70324,0x7ff7695215ee,1,0
70324,0x7ff7695215e2,1,0
70324,0x7ff7695215dc,1,0
70324,0x7ff7695213d8,1,0
70324,0x7ff76951929e,1,0
70324,0x7ff76952136a,1,0
70324,0x7ff769521345,1,0
70324,0x7ff76952133e,1,0
70324,0x7ff76952132d,1,0
70324,0x7ff769521324,1,0
70324,0x7ff7695192f8,1,0
70324,0x7ff7695192fd,1,0
70324,0x7ff76951c768,1,0
70324,0x7ff769521274,1,0
70324,0x7ff76952126f,1,0
70324,0x7ff769521266,1,0
70324,0x7ff7695193be,1,0
70324,0x7ff7695210d9,1,0
70324,0x7ff7695210d2,1,0
70324,0x7ff76952108d,1,0
70324,0x7ff769521087,1,0
70324,0x7ff769520a47,1,0
70324,0x7ff769520a37,1,0
70324,0x7ff769520a34,1,0
70324,0x7ff7695195ea,1,0
70324,0x7ff769519b27,1,0
70324,0x7ff76951a6e7,1,0
70324,0x7ff76951a6d6,1,0
70324,0x7ff76951a6bc,1,0
70324,0x7ff76951a6b3,1,0
70324,0x7ff76951a6a5,1,0
70324,0x7ff76951a698,1,0
70324,0x7ff769519b0f,1,0
70324,0x7ff76951a62f,1,0
70324,0x7ff76951a5ec,1,0
70324,0x7ff76951a5b1,1,0
70324,0x7ff76951a596,1,0
70324,0x7ff769519b20,1,0
70324,0x7ff76951a563,1,0
70324,0x7ff769519aa2,1,0
70324,0x7ff769519b49,1,0
70324,0x7ff76951a540,1,0
70324,0x7ff769519b6e,1,0
70324,0x7ff769519b74,1,0
70324,0x7ff769519b77,1,0
70324,0x7ff769519c95,1,0
70324,0x7ff769519c87,1,0
70324,0x7ff769519bbe,1,0
70324,0x7ff769519bc9,1,0
70324,0x7ff769519c5f,1,0
70324,0x7ff769519c35,1,0
70324,0x7ff769519c14,1,0
70324,0x7ff76951a79b,1,0
70324,0x7ff76951c474,1,0
70324,0x7ff76951c22d,1,0
70324,0x7ff7695199e7,1,0
70324,0x7ff76951c20b,1,0
70324,0x7ff7695199ea,1,0
70324,0x7ff7695199ff,1,0
70324,0x7ff769519a0d,1,0
70324,0x7ff76951c145,1,0
70324,0x7ff769519a20,1,0
70324,0x7ff76951a94c,1,0
70324,0x7ff76951a815,1,0
70324,0x7ff76951a7c1,1,0
70324,0x7ff769519224,1,0
70324,0x7ff769519a37,1,0
70324,0x7ff769519a4e,1,0
70324,0x7ff769519a5f,1,0
70324,0x7ff76951a758,1,0
70324,0x7ff76951a741,1,0
70324,0x7ff76951a734,1,0
70324,0x7ff76951a72f,1,0
70324,0x7ff769519a63,1,0
70324,0x7ff76951a723,1,0
70324,0x7ff76951a716,1,0
70324,0x7ff76951a711,1,0
70324,0x7ff76951a708,1,0
70324,0x7ff769524930,1,0
70324,0x7ff76952a98d,1,0
70324,0x7ff76952a98c,1,0
70324,0x7ff769517411,1,0
70324,0x7ff76952a973,1,0
70324,0x7ff769517542,1,0
70324,0x7ff76952a915,1,0
70324,0x7ff7695175af,1,0
70324,0x7ff76952a8fa,1,0
70324,0x7ff76952a8e7,1,0
70324,0x7ff7695177a1,1,0
70324,0x7ff769524bed,1,0
70324,0x7ff769524bce,1,0
70324,0x7ff76952493c,1,0
70324,0x7ff76953c142,1,0
70324,0x7ff769523c5d,1,0
70324,0x7ff769523c4b,1,0
70324,0x7ff769523c37,1,0
70324,0x7ff769523c14,1,0
70324,0x7ff769523c0b,1,0
70324,0x7ff769523c08,1,0
70324,0x7ff769517ebd,1,0
70324,0x7ff769523b3b,1,0
70324,0x7ff769523ae7,1,0
70324,0x7ff769523a97,1,0
70324,0x7ff7695239e4,1,0
70324,0x7ff769517ec0,1,0
70324,0x7ff769516145,1,0
70324,0x7ff76953e282,1,0
70324,0x7ff7695160f0,1,0
70324,0x7ff76953dc3a,1,0
70324,0x7ff76953da43,1,0
70324,0x7ff76951610f,1,0
70324,0x7ff769516137,1,0
70324,0x7ff76953d968,1,0
70324,0x7ff76953d184,1,0
70324,0x7ff76953c75c,1,0
70324,0x7ff76953c603,1,0
70324,0x7ff76953c588,1,0
70324,0x7ff76953c576,1,0
70324,0x7ff7695239b7,1,0
70324,0x7ff76953c2a8,1,0
70324,0x7ff769516a62,1,0
70324,0x7ff76953c29c,1,0
70324,0x7ff76953c28f,1,0
70324,0x7ff76953c1db,1,0
70324,0x7ff76953c1ba,1,0
70324,0x7ff76953c1b7,1,0
70324,0x7ff76953c18f,1,0
70324,0x7ff76953c182,1,0
70324,0x7ff769516b79,1,0
70324,0x7ff76953c14a,1,0
70324,0x7ff76953c149,1,0
70324,0x7ff769518b7c,1,0
70324,0x7ff76952274f,1,0
70324,0x7ff76952274c,1,0
70324,0x7ff76951847a,1,0
70324,0x7ff7695226d8,1,0
70324,0x7ff76951847f,1,0
70324,0x7ff7695226af,1,0
70324,0x7ff7695223a5,1,0
70324,0x7ff7695222a5,1,0
70324,0x7ff7695220fa,1,0
70324,0x7ff769521d01,1,0
70324,0x7ff769521c87,1,0
70324,0x7ff76951898b,1,0
70324,0x7ff7695227b1,1,0
70324,0x7ff7695217ab,1,0
70324,0x7ff769521781,1,0
70324,0x7ff7695191d5,1,0
70324,0x7ff7695191de,1,0
70324,0x7ff76952175f,1,0
70324,0x7ff7695191f1,1,0
70324,0x7ff769519207,1,0
70324,0x7ff7695216a2,1,0
70324,0x7ff769521697,1,0
70324,0x7ff769521677,1,0
70324,0x7ff769521674,1,0
70324,0x7ff7695215fc,1,0
70324,0x7ff76951819a,1,0
70324,0x7ff769518086,1,0
70324,0x7ff769518097,1,0
70324,0x7ff76952398b,1,0
70324,0x7ff769523986,1,0
70324,0x7ff769523807,1,0
70324,0x7ff7695237a5,1,0
70324,0x7ff769522e74,1,0
70324,0x7ff769522ca7,1,0
70324,0x7ff769522c70,1,0
70324,0x7ff7695180cb,1,0
70324,0x7ff769522c58,1,0
70324,0x7ff769522c55,1,0
70324,0x7ff7695558f4,1,0
70324,0x7ff769522b44,1,0
70324,0x7ff769522b39,1,0
70324,0x7ff7695181b7,1,0
70324,0x7ff769522b1f,1,0
70324,0x7ff769522b1c,1,0
70324,0x7ff7695181f0,1,0
70324,0x7ff769522b02,1,0
70324,0x7ff769522af8,1,0
70324,0x7ff769522af1,1,0
70324,0x7ff769522ad5,1,0
70324,0x7ff769522ad2,1,0
70324,0x7ff76952299f,1,0
70324,0x7ff769731393,1,0
70324,0x7ff76a9a5a2a,1,0
70324,0x7ff76a9a42af,1,0
70324,0x7ff76a9a3304,1,0
70324,0x7ff76a99efb7,1,0
70324,0x7ff76a99ec58,1,0
70324,0x7ff76a99e2c0,1,0
70324,0x7ff76a99e171,1,0
70324,0x7ff76a8d7ffc,1,0
70324,0x7ff76a8d7d86,1,0
70324,0x7ff769ba5bd5,1,0
70324,0x7ff769ba53d7,1,0
70324,0x7ff769731d44,1,0
70324,0x7ff7697315fc,1,0
70324,0x7ff76a9a6414,1,0
70324,0x7ff769730591,1,0
70324,0x7ff76972f7ce,1,0
70324,0x7ff76972f77c,1,0
70324,0x7ff76972f3c4,1,0
70324,0x7ff76972f10e,1,0
70324,0x7ff76972eb14,1,0
70324,0x7ff76972681a,1,0
70324,0x7ff7697264e6,1,0
70324,0x7ff769726322,1,0
70324,0x7ff7695eb5f6,1,0
70324,0x7ff7695d177a,1,0
70324,0x7ff7695d1714,1,0
70324,0x7ff76a9cd984,1,0
70324,0x7ff76a9f8851,1,0
70324,0x7ff76a9f7726,1,0
70324,0x7ff76a9f7269,1,0
70324,0x7ff76a9f5bd7,1,0
70324,0x7ff76a9f1426,1,0
70324,0x7ff76a9ef826,1,0
70324,0x7ff76a9ef726,1,0
70324,0x7ff76a9ef004,1,0
70324,0x7ff76a9e6a77,1,0
70324,0x7ff76a9d103e,1,0
70324,0x7ff76a9ce2f7,1,0
70324,0x7ff76a9ce2c6,1,0
70324,0x7ff7695d16a8,1,0
70324,0x7ff76a9cd2c2,1,0
70324,0x7ff76a9cb8ed,1,0
70324,0x7ff76a9cb542,1,0
70324,0x7ff76a9c8c04,1,0
70324,0x7ff76a9c85a4,1,0
70324,0x7ff76a9ac833,1,0
70324,0x7ff76a9ab8b2,1,0
70324,0x7ff76a9ab684,1,0
70324,0x7ff76a9a9945,1,0
70324,0x7ff76a9a87ab,1,0
70324,0x7ff76a9a73f6,1,0
70324,0x7ff76a9a687d,1,0
70324,0x7ff7695b306b,1,0
70324,0x7ff7695b4c87,1,0
70324,0x7ff7694f349e,1,0
70324,0x7ff7695b4c1a,1,0
70324,0x7ff7694f34c6,1,0
70324,0x7ff7695b4c03,1,0
70324,0x7ff7695b4be5,1,0
70324,0x7ff7695b4be1,1,0
70324,0x7ff7695b4be0,1,0
70324,0x7ff7695b4b00,1,0
70324,0x7ff7695b46ce,1,0
70324,0x7ff7695b3c42,1,0
70324,0x7ff7695b3217,1,0
70324,0x7ff7695b30ea,1,0
70324,0x7ff7695b4c8a,1,0
70324,0x7ff7695b302c,1,0
70324,0x7ff7695b2feb,1,0
70324,0x7ff7695b2f53,1,0
70324,0x7ff7695b2f44,1,0
70324,0x7ff7695b2ef4,1,0
70324,0x7ff7695b2ede,1,0
70324,0x7ff7695b2d67,1,0
70324,0x7ff7694f34c8,1,0
70324,0x7ff7695b2b1e,1,0
70324,0x7ff7694f3715,1,0
70324,0x7ff7695b2806,1,0
70324,0x7ff7695b2728,1,0
70324,0x7ff7695cf67e,1,0
70324,0x7ff7694f22cc,1,0
70324,0x7ff7695d14b0,1,0
70324,0x7ff7695d14a2,1,0
70324,0x7ff7695d148c,1,0
70324,0x7ff7695cff11,1,0
70324,0x7ff7695cfdc8,1,0
70324,0x7ff7695cfcf0,1,0
70324,0x7ff7695cfc74,1,0
70324,0x7ff7695cfb4e,1,0
70324,0x7ff7694f2fb0,1,0
70324,0x7ff7695cfa8f,1,0
70324,0x7ff7694f2fc7,1,0
70324,0x7ff76a9f950c,1,0
70324,0x7ff7695cf618,1,0
70324,0x7ff7695cf55c,1,0
70324,0x7ff7695cf4f9,1,0
70324,0x7ff7695cf4d6,1,0
70324,0x7ff7695cf42c,1,0
70324,0x7ff7695cf422,1,0
70324,0x7ff7695cf34d,1,0
70324,0x7ff7695cf2ab,1,0
70324,0x7ff7695b4dc4,1,0
70324,0x7ff7695b4d37,1,0
70324,0x7ff7694f3050,1,0
70324,0x7ff7694f347c,1,0
70324,0x7ff76aac9d3f,1,0
70324,0x7ff76aaf4b17,1,0
70324,0x7ff76aaed151,1,0
70324,0x7ff76aaec825,1,0
70324,0x7ff76aaec727,1,0
70324,0x7ff76aaebdef,1,0
70324,0x7ff769519c16,1,0
70324,0x7ff76aaead7c,1,0
70324,0x7ff76aae73c2,1,0
70324,0x7ff76aae71d3,1,0
70324,0x7ff76aae19b2,1,0
70324,0x7ff76aade3e4,1,0
70324,0x7ff76aacb1a5,1,0
70324,0x7ff76aac9f05,1,0
70324,0x7ff76aaf4e8a,1,0
70324,0x7ff76aac94c5,1,0
70324,0x7ff76aac7cce,1,0
70324,0x7ff76aac79cf,1,0
70324,0x7ff76aabf301,1,0
70324,0x7ff76aabe627,1,0
70324,0x7ff76aabc5da,1,0
70324,0x7ff76aaba4f4,1,0
70324,0x7ff76aab9f09,1,0
70324,0x7ff76aab7f64,1,0
70324,0x7ff76aab7d4c,1,0
70324,0x7ff76aab79c4,1,0
70324,0x7ff76aab1935,1,0
70324,0x7ff76ab28091,1,0
70324,0x7ff76ab30c50,1,0
70324,0x7ff76ab2fddf,1,0
70324,0x7ff76ab2f782,1,0
70324,0x7ff76ab2ee4d,1,0
70324,0x7ff76ab2cf79,1,0
70324,0x7ff76ab2ce77,1,0
70324,0x7ff76ab2c9de,1,0
70324,0x7ff76ab29ac4,1,0
70324,0x7ff76ab29949,1,0
70324,0x7ff76ab28e1a,1,0
70324,0x7ff76ab28863,1,0
70324,0x7ff76ab287e5,1,0
70324,0x7ff76aab16ca,1,0
70324,0x7ff76ab27ee7,1,0
70324,0x7ff76ab1db81,1,0
70324,0x7ff76ab060bd,1,0
70324,0x7ff76ab0609b,1,0
70324,0x7ff76ab052d5,1,0
70324,0x7ff76ab05104,1,0
70324,0x7ff76ab04a3c,1,0
70324,0x7ff76ab04005,1,0
70324,0x7ff76ab028d4,1,0
70324,0x7ff76ab02363,1,0
70324,0x7ff76aafbc9b,1,0
70324,0x7ff76aaf5158,1,0
70324,0x7ff76aa3476c,1,0
70324,0x7ff76aa486c3,1,0
70324,0x7ff76aa483b4,1,0
70324,0x7ff76aa481b3,1,0
70324,0x7ff76aa47fa5,1,0
70324,0x7ff76aa42964,1,0
70324,0x7ff76aa426f0,1,0
70324,0x7ff76aa41066,1,0
70324,0x7ff76aa40c1a,1,0
70324,0x7ff76aa3fb73,1,0
70324,0x7ff76aa3f6d5,1,0
70324,0x7ff76aa3f4c6,1,0
70324,0x7ff76aa3f393,1,0
70324,0x7ff76aa68914,1,0
70324,0x7ff76aa33720,1,0
70324,0x7ff76aa3326c,1,0
70324,0x7ff76aa32fa3,1,0
70324,0x7ff76aa32bdf,1,0
70324,0x7ff76aa32088,1,0
70324,0x7ff76aa3188d,1,0
70324,0x7ff76aa30a96,1,0
70324,0x7ff76aa305dc,1,0
70324,0x7ff76aa2b227,1,0
70324,0x7ff76aa298d2,1,0
70324,0x7ff76a9fa506,1,0
70324,0x7ff76a9f953f,1,0
70324,0x7ff76aa97e6e,1,0
70324,0x7ff76aaaf3fe,1,0
70324,0x7ff76aaaf044,1,0
70324,0x7ff76aaaef2e,1,0
70324,0x7ff76aaaec87,1,0
70324,0x7ff76aaad5c5,1,0
70324,0x7ff76aaacc24,1,0
70324,0x7ff76aaac8e4,1,0
70324,0x7ff76aaac634,1,0
70324,0x7ff76aaaae41,1,0
70324,0x7ff76aaaac5a,1,0
70324,0x7ff76aaa9f21,1,0
70324,0x7ff76aa97fb4,1,0
70324,0x7ff7695b264c,1,0
70324,0x7ff76aa97b24,1,0
70324,0x7ff76aa97a74,1,0
70324,0x7ff76aa8d094,1,0
70324,0x7ff76aa8be68,1,0
70324,0x7ff76aa82afa,1,0
70324,0x7ff76aa7e806,1,0
70324,0x7ff76aa6d29d,1,0
70324,0x7ff76aa6d271,1,0
70324,0x7ff76aa697a1,1,0
70324,0x7ff76aa68ffc,1,0
70324,0x7ff76aa68b26,1,0
70324,0x7ff76aa68935,1,0
70324,0x7ff7695a76c0,1,0
70324,0x7ff7695ab0dd,1,0
70324,0x7ff7694f48bf,1,0
70324,0x7ff7695ab09f,1,0
70324,0x7ff7695aafb4,1,0
70324,0x7ff7695aafaf,1,0
70324,0x7ff7695aaf93,1,0
70324,0x7ff7695aae24,1,0
70324,0x7ff7695aadc7,1,0
70324,0x7ff7695aaba6,1,0
70324,0x7ff7695a8dbe,1,0
70324,0x7ff7695a8b39,1,0
70324,0x7ff7695a8b19,1,0
70324,0x7ff7694f48cd,1,0
70324,0x7ff7695ab712,1,0
70324,0x7ff7694f49b9,1,0
70324,0x7ff76956ce89,1,0
70324,0x7ff76956ce50,1,0
70324,0x7ff76956c9c2,1,0
70324,0x7ff7694f49c7,1,0
70324,0x7ff76956c721,1,0
70324,0x7ff76956c68e,1,0
70324,0x7ff7694f4ad8,1,0
70324,0x7ff76956c671,1,0
70324,0x7ff76956c62c,1,0
70324,0x7ff76956c627,1,0
70324,0x7ff76956c608,1,0
70324,0x7ff7695ab852,1,0
70324,0x7ff7695ac4b3,1,0
70324,0x7ff7694f475a,1,0
70324,0x7ff7695abaf5,1,0
70324,0x7ff7694f475d,1,0
70324,0x7ff7695abab0,1,0
70324,0x7ff7694f4762,1,0
70324,0x7ff7694f4782,1,0
70324,0x7ff7695ab8e0,1,0
70324,0x7ff7695ab8d5,1,0
70324,0x7ff7695ab8b5,1,0
70324,0x7ff7695ab899,1,0
70324,0x7ff7695ab889,1,0
70324,0x7ff76956c5f2,1,0
70324,0x7ff7694f4787,1,0
70324,0x7ff7695ab843,1,0
70324,0x7ff7694f478a,1,0
70324,0x7ff7695ab820,1,0
70324,0x7ff7694f47c0,1,0
70324,0x7ff7694f47ea,1,0
70324,0x7ff7694f47f6,1,0
70324,0x7ff7695ab7d2,1,0
70324,0x7ff7695ab7d0,1,0
70324,0x7ff7694f4874,1,0
70324,0x7ff7695ab785,1,0
70324,0x7ff7695ab77a,1,0
70324,0x7ff76956bcac,1,0
70324,0x7ff7694f4bff,1,0
70324,0x7ff76956be1c,1,0
70324,0x7ff76956bdbd,1,0
70324,0x7ff7694f4c05,1,0
70324,0x7ff7694f4c67,1,0
70324,0x7ff76956bd72,1,0
70324,0x7ff76956bd47,1,0
70324,0x7ff76956bd3a,1,0
70324,0x7ff76956bced,1,0
70324,0x7ff76956bcdf,1,0
70324,0x7ff76956bcde,1,0
70324,0x7ff76956bcba,1,0
70324,0x7ff7694f4bfd,1,0
70324,0x7ff76956bca0,1,0
70324,0x7ff76956bc86,1,0
70324,0x7ff76956bba6,1,0
70324,0x7ff76956bba5,1,0
70324,0x7ff76956bb01,1,0
70324,0x7ff76956bae0,1,0
70324,0x7ff76956ba76,1,0
70324,0x7ff76956ba3b,1,0
70324,0x7ff76956ba37,1,0
70324,0x7ff76956ba08,1,0
70324,0x7ff769561f12,1,0
70324,0x7ff769555ba0,1,0
70324,0x7ff7694f4bc1,1,0
70324,0x7ff76956c5b0,1,0
70324,0x7ff76956c585,1,0
70324,0x7ff76956c57b,1,0
70324,0x7ff76956c576,1,0
70324,0x7ff76956c56d,1,0
70324,0x7ff76956c56b,1,0
70324,0x7ff76956c54a,1,0
70324,0x7ff76956c539,1,0
70324,0x7ff76956c50d,1,0
70324,0x7ff76956c4a3,1,0
70324,0x7ff7694f4b46,1,0
70324,0x7ff76956c1c1,1,0
70324,0x7ff7695ac4d2,1,0
70324,0x7ff76956c081,1,0
70324,0x7ff76956c073,1,0
70324,0x7ff76956bfda,1,0
70324,0x7ff76956bfc6,1,0
70324,0x7ff76956bf6a,1,0
70324,0x7ff76956bf67,1,0
70324,0x7ff76956bec8,1,0
70324,0x7ff7694f4bdc,1,0
70324,0x7ff76956be93,1,0
70324,0x7ff7694f4be5,1,0
70324,0x7ff76956be76,1,0
70324,0x7ff76956be5f,1,0
70324,0x7ff7695b00c7,1,0
70324,0x7ff7695b0679,1,0
70324,0x7ff7695b0674,1,0
70324,0x7ff7695b0554,1,0
70324,0x7ff7695b0292,1,0
70324,0x7ff7694f3a94,1,0
70324,0x7ff7694f3b2c,1,0
70324,0x7ff7695b025c,1,0
70324,0x7ff7695b025b,1,0
70324,0x7ff7694f3b46,1,0
70324,0x7ff7695b015b,1,0
70324,0x7ff7695b0152,1,0
70324,0x7ff7695b012e,1,0
70324,0x7ff7694f3b62,1,0
70324,0x7ff7694f1717,1,0
70324,0x7ff7695b00b1,1,0
70324,0x7ff7695b0095,1,0
70324,0x7ff7695b0083,1,0
70324,0x7ff7695b006a,1,0
70324,0x7ff7695b002a,1,0
70324,0x7ff7694f3b93,1,0
70324,0x7ff7694f3b95,1,0
70324,0x7ff7695afffb,1,0
70324,0x7ff7694f3bb6,1,0
70324,0x7ff7695aff66,1,0
70324,0x7ff7695aff4f,1,0
70324,0x7ff7695af4bc,1,0
70324,0x7ff7695b0c99,1,0
70324,0x7ff7695b25b9,1,0
70324,0x7ff7695b22d1,1,0
70324,0x7ff7695b2107,1,0
70324,0x7ff7695b20ed,1,0
70324,0x7ff7695b2046,1,0
70324,0x7ff7694f3731,1,0
70324,0x7ff7695b1dad,1,0
70324,0x7ff7695b1834,1,0
70324,0x7ff7695b1409,1,0
70324,0x7ff7695b13f2,1,0
70324,0x7ff7695b12e3,1,0
70324,0x7ff7695b0f03,1,0
70324,0x7ff7695af3f6,1,0
70324,0x7ff7695b0c98,1,0
70324,0x7ff7695b0c36,1,0
70324,0x7ff7695b08cc,1,0
70324,0x7ff7694f3734,1,0
70324,0x7ff7694f373f,1,0
70324,0x7ff7695b07e5,1,0
70324,0x7ff7695b07bd,1,0
70324,0x7ff7694f374c,1,0
70324,0x7ff7694f376e,1,0
70324,0x7ff7694f37f4,1,0
70324,0x7ff7695b06bb,1,0
70324,0x7ff7694f3a38,1,0
70324,0x7ff7695ac689,1,0
70324,0x7ff7695ae05b,1,0
70324,0x7ff7695ae025,1,0
70324,0x7ff7695adf8e,1,0
70324,0x7ff7695adf64,1,0
70324,0x7ff7695adf17,1,0
70324,0x7ff7695adee2,1,0
70324,0x7ff7695acf87,1,0
70324,0x7ff7694f3ffb,1,0
70324,0x7ff7694f46d6,1,0
70324,0x7ff7695accef,1,0
70324,0x7ff7695acc46,1,0
70324,0x7ff7695ac6d7,1,0
70324,0x7ff7694f3ff1,1,0
70324,0x7ff7695ac667,1,0
70324,0x7ff7695ac5fa,1,0
70324,0x7ff7694f46e3,1,0
70324,0x7ff7695ac595,1,0
70324,0x7ff7695ac580,1,0
70324,0x7ff7695ac574,1,0
70324,0x7ff7694f46eb,1,0
70324,0x7ff7695ac540,1,0
70324,0x7ff7695ac53f,1,0
70324,0x7ff7694f4730,1,0
70324,0x7ff7695ac515,1,0
70324,0x7ff7695ac4f5,1,0
70324,0x7ff7695ae857,1,0
70324,0x7ff7695af345,1,0
70324,0x7ff7694f3bd9,1,0
70324,0x7ff7695af2cb,1,0
70324,0x7ff7694f3bdf,1,0
70324,0x7ff7695af29f,1,0
70324,0x7ff7694f3c53,1,0
70324,0x7ff7694f3c58,1,0
70324,0x7ff7695aeeb3,1,0
70324,0x7ff7695aee83,1,0
70324,0x7ff7695aeb75,1,0
70324,0x7ff7695aea79,1,0
70324,0x7ff7695ae8ff,1,0
70324,0x7ff76ab30d61,1,0
70324,0x7ff7695ae84f,1,0
70324,0x7ff7695ae62c,1,0
70324,0x7ff7695ae5e1,1,0
70324,0x7ff7694f3c6a,1,0
70324,0x7ff7695ae367,1,0
70324,0x7ff7694f3c75,1,0
70324,0x7ff7695ae2f1,1,0
70324,0x7ff7695ae2b5,1,0
70324,0x7ff7695ae243,1,0
70324,0x7ff7694f3fe6,1,0
70324,0x7ff7695ae16d,1,0
70324,0x7ff7695ae0e3,1,0
72140,0x7ffd48f0d624,9894,0
72140,0x7ffd48f0e0f4,341,0
78552,0x7ffd48f0d624,10121,0
78552,0x7ffd467e5444,28,0
78552,0x7ffc2507451e,25,0
78552,0x7ffd467e5b04,9,0
78552,0x7ffd467e4c04,8,0
78552,0x7ffd467e17c4,3,0
78552,0x7ffd467e1244,3,0
78552,0x7ffc2545d1ed,2,0
78552,0x7ffc2513b5e3,1,0
78552,0x7ffc2513b5d7,1,0
78552,0x7ffc2513b61c,1,0
78552,0x7ffc2513cb04,1,0
78552,0x7ffc2514d6e5,1,0
78552,0x7ffc25154d9d,1,0
78552,0x7ffc25155ca2,1,0
78552,0x7ffc2515883c,1,0
78552,0x7ffc25216607,1,0
78552,0x7ffc2545d1df,1,0
78552,0x7ffd467e5944,1,0
78552,0x7ffd47125980,1,0
78552,0x7ffd48e9fab3,1,0
78552,0x7ffd48f0d6e4,1,0
78552,0x7ffd48f0e174,1,0
78552,0x7ffc24fd38cb,1,0
78552,0x7ffc24f67b2d,1,0
78552,0x7ffc24f6a2a4,1,0
78552,0x7ffc24f703bb,1,0
78552,0x7ffc24f77473,1,0
78552,0x7ffc24fc29ee,1,0
78552,0x7ffc24fc8db4,1,0
78552,0x7ffc24fcd8b6,1,0
78552,0x7ffc24fce9bb,1,0
78552,0x7ffc24fd00d9,1,0
78552,0x7ffc24fd3801,1,0
78552,0x7ffc24f586c5,1,0
78552,0x7ffc2506667a,1,0
78552,0x7ffc25074480,1,0
78552,0x7ffc250744e6,1,0
78552,0x7ffc2508ef75,1,0
78552,0x7ffc250cb4a0,1,0
78552,0x7ffc250ce0b9,1,0
78552,0x7ffc250f85cd,1,0
78552,0x7ffc250f91ab,1,0
78552,0x7ffc2513b5ca,1,0
89804,0x7ffd48f11034,10235,0
