# process_id,71948
# runtime_image_base,0x7ff7694f0000
# interval_us,1000
# iterations,10222
thread_id,rip,samples,failed_thread_samples
12760,0x7ffd467ea124,10222,0
34512,0x7ffd48f0d624,2702,0
34512,0x7ff7694f1b4e,236,0
34512,0x7ffd48f0da44,212,0
34512,0x7ff7717c96ed,131,0
34512,0x7ff7717c998f,81,0
34512,0x7ff7717cd077,71,0
34512,0x7ffd4744ce43,62,0
34512,0x7ff7694f1ee4,53,0
34512,0x7ff7695552ef,52,0
34512,0x7ffd4744ce47,50,0
34512,0x7ff76955528d,47,0
34512,0x7ff7695552a0,43,0
34512,0x7ff76955529c,43,0
34512,0x7ffd4744ce52,37,0
34512,0x7ff769515cb2,36,0
34512,0x7ff769555845,36,0
34512,0x7ff769555ba0,35,0
34512,0x7ff7694f1f11,34,0
34512,0x7ff7694f1bb1,32,0
34512,0x7ff769513835,31,0
34512,0x7ff76955383c,31,0
34512,0x7ffd4744ce6e,31,0
34512,0x7ff7717ca828,30,0
34512,0x7ffd4744ce58,30,0
34512,0x7ff7717ca963,29,0
34512,0x7ff769519593,29,0
34512,0x7ffd4744ce5d,29,0
34512,0x7ff7695538b1,28,0
34512,0x7ff769555f52,28,0
34512,0x7ffd4744ce5f,28,0
34512,0x7ff7694f5709,27,0
34512,0x7ff7695211dd,27,0
34512,0x7ff769553819,26,0
34512,0x7ff76955390a,26,0
34512,0x7ffd4744ce68,25,0
34512,0x7ffd4744ce71,25,0
34512,0x7ff7717ca577,25,0
34512,0x7ff769553886,25,0
34512,0x7ff7717cd226,25,0
34512,0x7ff769547ad6,25,0
34512,0x7ff7695191e4,25,0
34512,0x7ff769515c7d,25,0
34512,0x7ff7695195de,25,0
34512,0x7ff769515c5a,24,0
34512,0x7ff7717cd07a,24,0
34512,0x7ffd4744ce63,23,0
34512,0x7ff769553c4b,23,0
34512,0x7ff769555f43,23,0
34512,0x7ff7695212b9,23,0
34512,0x7ff7717ca6e6,22,0
34512,0x7ff7694f2f65,21,0
34512,0x7ff769553fcc,19,0
34512,0x7ff769515cd1,19,0
34512,0x7ff7717caaa4,19,0
34512,0x7ff7717ca52e,19,0
34512,0x7ff7717c9733,18,0
34512,0x7ff769553b97,18,0
34512,0x7ff7695537b8,18,0
34512,0x7ff769553e20,18,0
34512,0x7ff7694f1baf,18,0
34512,0x7ff7717ca976,18,0
34512,0x7ff7694f1dd2,17,0
34512,0x7ff769563b20,17,0
34512,0x7ff7694f1b19,17,0
34512,0x7ffd4744ce4d,17,0
34512,0x7ff769513934,17,0
34512,0x7ff769553820,16,0
34512,0x7ff7717cd1e1,16,0
34512,0x7ff76955385d,16,0
34512,0x7ff769553740,16,0
34512,0x7ff7695138a6,16,0
34512,0x7ff769515bd6,16,0
34512,0x7ff769563af9,16,0
34512,0x7ff76951957b,16,0
34512,0x7ff7695538d5,16,0
34512,0x7ff7694f1af0,16,0
34512,0x7ff7694f1b59,16,0
34512,0x7ff7695559ba,16,0
34512,0x7ff7717ca58c,16,0
34512,0x7ff769553b90,16,0
34512,0x7ff769553762,15,0
34512,0x7ff7717cd5f5,15,0
34512,0x7ff769555907,15,0
34512,0x7ff769555d64,15,0
34512,0x7ff7695558ee,15,0
34512,0x7ff7717ca74c,15,0
34512,0x7ff7695212db,15,0
34512,0x7ff769513c55,15,0
34512,0x7ff7695212c4,15,0
34512,0x7ff76954b796,15,0
34512,0x7ff769515bbb,15,0
34512,0x7ff7694f1afb,15,0
34512,0x7ff7717cd2a3,15,0
34512,0x7ff769515cbe,14,0
34512,0x7ff76952176c,14,0
34512,0x7ff769546542,14,0
34512,0x7ff7694fc851,14,0
34512,0x7ff7695552b5,14,0
34512,0x7ff76955379a,14,0
34512,0x7ff769522b4c,14,0
34512,0x7ffd48eb01b5,14,0
34512,0x7ff76955592b,14,0
34512,0x7ff7695558e9,13,0
34512,0x7ff7717cd093,13,0
34512,0x7ff769515c4a,13,0
34512,0x7ff7717ca6eb,13,0
34512,0x7ff769515c5d,13,0
34512,0x7ff7694f1c40,13,0
34512,0x7ff7717cd080,13,0
34512,0x7ff769553751,13,0
34512,0x7ff7695195c3,13,0
34512,0x7ff769553786,13,0
34512,0x7ff769553fca,13,0
34512,0x7ff769555f36,13,0
34512,0x7ff769515cb8,12,0
34512,0x7ff76951971a,12,0
34512,0x7ff7694f1ffa,12,0
34512,0x7ff769515cbb,12,0
34512,0x7ff7717ca55e,12,0
34512,0x7ff7717c99fb,12,0
34512,0x7ff769546572,12,0
34512,0x7ff769515c21,12,0
34512,0x7ff7717ca566,12,0
34512,0x7ff769555945,12,0
34512,0x7ff769553e30,12,0
34512,0x7ff7694f1f06,12,0
34512,0x7ff7717ca535,12,0
34512,0x7ff7717c9ae0,12,0
34512,0x7ff7694f1de3,12,0
34512,0x7ff7717ca804,12,0
34512,0x7ff769555fd7,12,0
34512,0x7ff7695559d4,12,0
34512,0x7ff7717cd5f0,11,0
34512,0x7ff769555efa,11,0
34512,0x7ff7694f2f31,11,0
34512,0x7ff7717cd085,11,0
34512,0x7ff7717ca4f0,11,0
34512,0x7ff769546554,11,0
34512,0x7ffd48f0d764,11,0
34512,0x7ff7694f1dc3,11,0
34512,0x7ff769555fe4,10,0
34512,0x7ff769563670,10,0
34512,0x7ff7694f5710,10,0
34512,0x7ff7695442f0,10,0
34512,0x7ff7694f1b33,10,0
34512,0x7ff769542d30,10,0
34512,0x7ff769555d12,10,0
34512,0x7ff7717cd1cb,10,0
34512,0x7ff7695537be,10,0
34512,0x7ff769555d27,10,0
34512,0x7ff769553f0d,10,0
34512,0x7ff7717cd060,10,0
34512,0x7ff769515d12,10,0
34512,0x7ff7717ca6dc,10,0
34512,0x7ff7695537d4,10,0
34512,0x7ff7695537dc,10,0
34512,0x7ff7694f1bcf,10,0
34512,0x7ff769515d06,10,0
34512,0x7ff769555cd2,10,0
34512,0x7ff7694f200c,10,0
34512,0x7ff7717cd1c0,10,0
34512,0x7ff769555c9a,10,0
34512,0x7ff7717c9720,10,0
34512,0x7ff7695138ca,9,0
34512,0x7ff7695b4ca9,9,0
34512,0x7ff769515c68,9,0
34512,0x7ff7695206d7,9,0
34512,0x7ff769555838,9,0
34512,0x7ff769515cda,9,0
34512,0x7ff769515d07,9,0
34512,0x7ff769555938,9,0
34512,0x7ff769553c42,9,0
34512,0x7ff769553c33,9,0
34512,0x7ff769515e69,9,0
34512,0x7ff769555a18,9,0
34512,0x7ff769555bec,9,0
34512,0x7ff769555bbe,9,0
34512,0x7ffd467eb444,9,0
34512,0x7ff7694f1b48,9,0
34512,0x7ff769563b34,9,0
34512,0x7ff7717ccc3a,9,0
34512,0x7ff7717cd3fd,9,0
34512,0x7ff769546587,9,0
34512,0x7ff7695ac53c,9,0
34512,0x7ff7694f2fc7,9,0
34512,0x7ff7717cad40,9,0
34512,0x7ff76952120a,8,0
34512,0x7ff7694f1eef,8,0
34512,0x7ff7717cd60e,8,0
34512,0x7ff7694f1b61,8,0
34512,0x7ff7717cd25c,8,0
34512,0x7ff7717d0fb7,8,0
34512,0x7ff769521595,8,0
34512,0x7ff769515bb0,8,0
34512,0x7ff76952120e,8,0
34512,0x7ff771810bdf,8,0
34512,0x7ff7717d0f93,8,0
34512,0x7ff769555fc9,8,0
34512,0x7ff7695537f8,8,0
34512,0x7ff7717ca70f,8,0
34512,0x7ff769515c74,8,0
34512,0x7ffd4744ce3e,8,0
34512,0x7ff769515c1d,8,0
34512,0x7ff769515ce3,8,0
34512,0x7ff769549ae5,8,0
34512,0x7ff769555e2b,8,0
34512,0x7ff7717c99d1,8,0
34512,0x7ff7695195ba,8,0
34512,0x7ff7717cd284,7,0
34512,0x7ff7695537ee,7,0
34512,0x7ff7694f1b20,7,0
34512,0x7ff7695537ca,7,0
34512,0x7ff769563b05,7,0
34512,0x7ff76951921f,7,0
34512,0x7ff7717cccf3,7,0
34512,0x7ff769555cad,7,0
34512,0x7ff769515cd7,7,0
34512,0x7ff7717c9710,7,0
34512,0x7ff7695537a2,7,0
34512,0x7ff76951971f,7,0
34512,0x7ff7694f1c51,7,0
34512,0x7ff769513830,7,0
34512,0x7ff7717ce358,7,0
34512,0x7ff7717ca5b6,7,0
34512,0x7ff7717cd50d,7,0
34512,0x7ff7695559b5,7,0
34512,0x7ff769555a04,7,0
34512,0x7ff7695215b4,7,0
34512,0x7ff7717cd608,7,0
34512,0x7ff7694f1efb,7,0
34512,0x7ff76955610f,7,0
34512,0x7ff769555bab,7,0
34512,0x7ff7694f1fd1,7,0
34512,0x7ff76954b7f3,7,0
34512,0x7ff76954652b,7,0
34512,0x7ff7717ccbc1,7,0
34512,0x7ff7695ac56a,7,0
34512,0x7ff7694f1bd4,7,0
34512,0x7ff76955593c,6,0
34512,0x7ff7695537b0,6,0
34512,0x7ff769563aee,6,0
34512,0x7ff7717caa7c,6,0
34512,0x7ff769549498,6,0
34512,0x7ff76955376b,6,0
34512,0x7ff769555930,6,0
34512,0x7ff7717cab88,6,0
34512,0x7ff769555ba7,6,0
34512,0x7ff76955380c,6,0
34512,0x7ff769553835,6,0
34512,0x7ff7695558f0,6,0
34512,0x7ff7717ccc1f,6,0
34512,0x7ff769553c12,6,0
34512,0x7ff7717c97b2,6,0
34512,0x7ff7717cd0a3,6,0
34512,0x7ff7717ce897,6,0
34512,0x7ff76951922d,6,0
34512,0x7ff769561fe8,6,0
34512,0x7ff7695138d6,6,0
34512,0x7ff769521200,6,0
34512,0x7ff7717cd2a2,6,0
34512,0x7ff769555fbc,6,0
34512,0x7ff769513a92,6,0
34512,0x7ff76955368a,6,0
34512,0x7ff769522b44,6,0
34512,0x7ff769555288,6,0
34512,0x7ff7694f5940,6,0
34512,0x7ff769563719,6,0
34512,0x7ff7717c99ab,6,0
34512,0x7ff769513843,6,0
34512,0x7ff769555c8c,5,0
34512,0x7ff7717c96ea,5,0
34512,0x7ff7717ce075,5,0
34512,0x7ff7694fc840,5,0
34512,0x7ff76956bebf,5,0
34512,0x7ff7695212e6,5,0
34512,0x7ff7717cea92,5,0
34512,0x7ff769522b26,5,0
34512,0x7ff76955384d,5,0
34512,0x7ff769513c57,5,0
34512,0x7ff769513c40,5,0
34512,0x7ff769555c7a,5,0
34512,0x7ff7694f1f29,5,0
34512,0x7ff7717cd437,5,0
34512,0x7ff7717c99c7,5,0
34512,0x7ff7717cd441,5,0
34512,0x7ff7717cd4a0,5,0
34512,0x7ff7695ae1de,5,0
34512,0x7ff769553c7f,5,0
34512,0x7ff769551f35,5,0
34512,0x7ff769551f93,5,0
34512,0x7ff7695216a2,5,0
34512,0x7ff7694f1d2e,5,0
34512,0x7ff769555269,5,0
34512,0x7ff76952167d,5,0
34512,0x7ff7717ca5c6,5,0
34512,0x7ff7717cadf5,5,0
34512,0x7ff769555b59,5,0
34512,0x7ff7717ce139,5,0
34512,0x7ff7717ce890,5,0
34512,0x7ff7717c9784,5,0
34512,0x7ff7695138d7,5,0
34512,0x7ff7717cd55f,5,0
34512,0x7ff7717c96f9,5,0
34512,0x7ff769555d48,5,0
34512,0x7ff7694f3598,5,0
34512,0x7ff7717cd218,5,0
34512,0x7ff7717ce352,5,0
34512,0x7ff7717c96c1,5,0
34512,0x7ff769515c05,5,0
34512,0x7ff769553792,5,0
34512,0x7ff7717cd1f7,5,0
34512,0x7ff7717c9baa,5,0
34512,0x7ff769563b3f,5,0
34512,0x7ff769515c38,5,0
34512,0x7ff76952a8e7,5,0
34512,0x7ff769515cc7,5,0
34512,0x7ff7717ca4e2,5,0
34512,0x7ff76956371d,5,0
34512,0x7ff7695552a8,5,0
34512,0x7ff7717ca4e0,5,0
34512,0x7ff7717cd239,5,0
34512,0x7ff769522b50,5,0
34512,0x7ff7695212b7,5,0
34512,0x7ff7695b4c7e,5,0
34512,0x7ff769546534,5,0
34512,0x7ff769515e65,5,0
34512,0x7ff769522b5e,5,0
34512,0x7ff771810abc,5,0
34512,0x7ff7694f21d8,5,0
34512,0x7ff7694f1bb4,5,0
34512,0x7ff7694f1ba3,5,0
34512,0x7ff7717c9a13,5,0
34512,0x7ff769515bb9,5,0
34512,0x7ff76951c1ca,5,0
34512,0x7ff7695462b1,4,0
34512,0x7ff769553ed3,4,0
34512,0x7ff769519599,4,0
34512,0x7ff7695462e0,4,0
34512,0x7ff76951970d,4,0
34512,0x7ff769553e45,4,0
34512,0x7ff7717ca724,4,0
34512,0x7ff769547ad0,4,0
34512,0x7ff7717ca80f,4,0
34512,0x7ff7717ca6d7,4,0
34512,0x7ff7695484eb,4,0
34512,0x7ff769547af8,4,0
34512,0x7ff7695211da,4,0
34512,0x7ff76953c15a,4,0
34512,0x7ff7717cd1c9,4,0
34512,0x7ff76952a92c,4,0
34512,0x7ff7717cd852,4,0
34512,0x7ff7717cd843,4,0
34512,0x7ff769553747,4,0
34512,0x7ff76952a8b2,4,0
34512,0x7ff76952a8af,4,0
34512,0x7ff7717cd1d9,4,0
34512,0x7ff7717cd212,4,0
34512,0x7ff7717cd920,4,0
34512,0x7ff769521207,4,0
34512,0x7ff769553687,4,0
34512,0x7ff7695212cb,4,0
34512,0x7ff7717cd2ac,4,0
34512,0x7ff7717cd2ae,4,0
34512,0x7ff7695ac53d,4,0
34512,0x7ff7717c9999,4,0
34512,0x7ff769551f07,4,0
34512,0x7ff7717c99b2,4,0
34512,0x7ff7717ccc22,4,0
34512,0x7ff7717cac6c,4,0
34512,0x7ff7717cad70,4,0
34512,0x7ff769519b3f,4,0
34512,0x7ff7717ca58a,4,0
34512,0x7ff7717ccb97,4,0
34512,0x7ff7717c9790,4,0
34512,0x7ff7695539a0,4,0
34512,0x7ff7717ca56f,4,0
34512,0x7ff769542df2,4,0
34512,0x7ff769553e21,4,0
34512,0x7ff7717ca546,4,0
34512,0x7ff76951a75f,4,0
34512,0x7ff7717ccc85,4,0
34512,0x7ff7717ccc8b,4,0
34512,0x7ff76954e153,4,0
34512,0x7ff7717ccd0a,4,0
34512,0x7ff7717ca519,4,0
34512,0x7ff7717cda1c,4,0
34512,0x7ff7717ca4fc,4,0
34512,0x7ff7694f1b45,4,0
34512,0x7ff7695ae0c8,4,0
34512,0x7ff7695636c2,4,0
34512,0x7ff769555c72,4,0
34512,0x7ff769555f17,4,0
34512,0x7ff76956c4a0,4,0
34512,0x7ff7695558fa,4,0
34512,0x7ff769515d3f,4,0
34512,0x7ff769555fcc,4,0
34512,0x7ff7694f2fb7,4,0
34512,0x7ff7694fc9e6,4,0
34512,0x7ff769555b60,4,0
34512,0x7ff769555c90,4,0
34512,0x7ff769563b50,4,0
34512,0x7ff769555b51,4,0
34512,0x7ff769513a56,4,0
34512,0x7ff7695b2046,4,0
34512,0x7ff77181b453,4,0
34512,0x7ff769555943,4,0
34512,0x7ff769515e28,4,0
34512,0x7ff7694f2f2f,4,0
34512,0x7ff7694f2f20,4,0
34512,0x7ff7694fc844,4,0
34512,0x7ff769562008,4,0
34512,0x7ff769515e75,4,0
34512,0x7ff7717ce35a,4,0
34512,0x7ff769555bcd,4,0
34512,0x7ff769519574,4,0
34512,0x7ff7717ce365,4,0
34512,0x7ff7717cea81,4,0
34512,0x7ff769519228,4,0
34512,0x7ffd4744ce05,4,0
34512,0x7ff769556412,4,0
34512,0x7ffd467e9ac4,4,0
34512,0x7ffd4744ce87,4,0
34512,0x7ff769555e0d,4,0
34512,0x7ffd48f0d824,4,0
34512,0x7ff7694f359e,4,0
34512,0x7ff7694f1feb,4,0
34512,0x7ff7695acd95,4,0
34512,0x7ff7694f1f16,4,0
34512,0x7ff7694f1bbc,4,0
34512,0x7ff7695191d1,4,0
34512,0x7ff769563701,4,0
34512,0x7ff769555d70,4,0
34512,0x7ff76955638b,3,0
34512,0x7ff76955375f,3,0
34512,0x7ff7717ca582,3,0
34512,0x7ff769556215,3,0
34512,0x7ff769513864,3,0
34512,0x7ff7695138cd,3,0
34512,0x7ff7694f1f1f,3,0
34512,0x7ff769551fab,3,0
34512,0x7ff7695138c1,3,0
34512,0x7ff76956c235,3,0
34512,0x7ff769515bc6,3,0
34512,0x7ff769515c7a,3,0
34512,0x7ff7695201a0,3,0
34512,0x7ff7695201a7,3,0
34512,0x7ff7717cabca,3,0
34512,0x7ff769520727,3,0
34512,0x7ff769515c65,3,0
34512,0x7ff769515c61,3,0
34512,0x7ff7717cd617,3,0
34512,0x7ff7695b4cb7,3,0
34512,0x7ff7717cd611,3,0
34512,0x7ff76954448d,3,0
34512,0x7ff7695211d7,3,0
34512,0x7ff7717cd571,3,0
34512,0x7ff7695211e9,3,0
34512,0x7ff769515bc0,3,0
34512,0x7ff769555f46,3,0
34512,0x7ff7717cd60c,3,0
34512,0x7ff769555fd9,3,0
34512,0x7ff769556040,3,0
34512,0x7ff769556049,3,0
34512,0x7ff7717cd5f8,3,0
34512,0x7ff7695212d5,3,0
34512,0x7ff76955610a,3,0
34512,0x7ff7695aea79,3,0
34512,0x7ff769553671,3,0
34512,0x7ff76952a8e0,3,0
34512,0x7ff76954e87f,3,0
34512,0x7ff76953de01,3,0
34512,0x7ff769523a88,3,0
34512,0x7ff7694f5729,3,0
34512,0x7ff769563658,3,0
34512,0x7ff76954e6f8,3,0
34512,0x7ff76954e145,3,0
34512,0x7ff7694f2fb9,3,0
34512,0x7ff7717c9b35,3,0
34512,0x7ff7717cccf9,3,0
34512,0x7ff7695636e1,3,0
34512,0x7ff7695636f6,3,0
34512,0x7ff76954c8e1,3,0
34512,0x7ffd3d171cc0,3,0
34512,0x7ff7694f2fca,3,0
34512,0x7ff76953d977,3,0
34512,0x7ff76954e1f1,3,0
34512,0x7ff7717cd1c4,3,0
34512,0x7ffd467e1824,3,0
34512,0x7ff7695b07af,3,0
34512,0x7ff7694f35cc,3,0
34512,0x7ff7695b0795,3,0
34512,0x7ff76954e2c8,3,0
34512,0x7ff769563b2b,3,0
34512,0x7ffd4744ce22,3,0
34512,0x7ff7694fc84b,3,0
34512,0x7ff76955640f,3,0
34512,0x7ff769513841,3,0
34512,0x7ff76951383c,3,0
34512,0x7ff7694f1fdf,3,0
34512,0x7ff769561f18,3,0
34512,0x7ff7694fce9d,3,0
34512,0x7ff7695b0031,3,0
34512,0x7ff7717c99eb,3,0
34512,0x7ff76954b7cb,3,0
34512,0x7ff7717cd3dc,3,0
34512,0x7ff769541340,3,0
34512,0x7ff76954b7de,3,0
34512,0x7ff769551f4f,3,0
34512,0x7ff76956204c,3,0
34512,0x7ff7717c9a02,3,0
34512,0x7ff76956207c,3,0
34512,0x7ff7717cd2a5,3,0
34512,0x7ff7717c9a0d,3,0
34512,0x7ff7694f57bc,3,0
34512,0x7ff7717ca53d,3,0
34512,0x7ff7717c9a59,3,0
34512,0x7ff7717c9a83,3,0
34512,0x7ff7694f2f4a,3,0
34512,0x7ff7695625b1,3,0
34512,0x7ff7717ce06c,3,0
34512,0x7ff769553a97,3,0
34512,0x7ff7694f1bb8,3,0
34512,0x7ff769553f30,3,0
34512,0x7ff76951a500,3,0
34512,0x7ff76951814f,3,0
34512,0x7ff7695ab8d5,3,0
34512,0x7ff7717cea5f,3,0
34512,0x7ff769546623,3,0
34512,0x7ff769546304,3,0
34512,0x7ff7694f1bc3,3,0
34512,0x7ff7694f1be0,3,0
34512,0x7ff7695acc44,3,0
34512,0x7ff7695538c9,3,0
34512,0x7ff7695538c2,3,0
34512,0x7ff769555bcf,3,0
34512,0x7ff7717c9805,3,0
34512,0x7ff769519722,3,0
34512,0x7ff769553879,3,0
34512,0x7ff7694f1c2a,3,0
34512,0x7ff769515fbd,3,0
34512,0x7ff7694f1afa,3,0
34512,0x7ff76955402f,3,0
34512,0x7ff769555c7f,3,0
34512,0x7ff7695acc46,3,0
34512,0x7ff769519a1e,3,0
34512,0x7ff7717ca6ef,3,0
34512,0x7ff769519a37,3,0
34512,0x7ff7717ce50e,3,0
34512,0x7ff769553e35,3,0
34512,0x7ff769517edb,3,0
34512,0x7ff769517eb6,3,0
34512,0x7ff7717ce591,3,0
34512,0x7ff769519aa7,3,0
34512,0x7ff7695559b2,3,0
34512,0x7ff7717ce170,3,0
34512,0x7ff7695cf818,3,0
34512,0x7ff7717ce2b9,3,0
34512,0x7ff769555a26,3,0
34512,0x7ff769553bc3,3,0
34512,0x7ff7717c9769,3,0
34512,0x7ff7717c9770,3,0
34512,0x7ff769553ba4,3,0
34512,0x7ff7717ca701,3,0
34512,0x7ff769553b4c,3,0
34512,0x7ff7717ce120,3,0
34512,0x7ff7717ce11b,3,0
34512,0x7ff769555d74,3,0
34512,0x7ff7717cda33,3,0
34512,0x7ff7717c96ef,3,0
34512,0x7ff7717c96c0,3,0
34512,0x7ff769555d1d,3,0
34512,0x7ff76951c218,3,0
34512,0x7ff7717ce3a9,3,0
34512,0x7ff7694f1892,3,0
34512,0x7ff769515d18,3,0
34512,0x7ff76951f47a,3,0
34512,0x7ff76954673d,3,0
34512,0x7ff76951f481,3,0
34512,0x7ff76951f6f2,3,0
34512,0x7ff76951c172,3,0
34512,0x7ff7717d0fcd,3,0
34512,0x7ff769515d02,3,0
34512,0x7ff769515ccd,3,0
34512,0x7ff769553779,3,0
34512,0x7ff7717c96c7,3,0
34512,0x7ff769553770,3,0
34512,0x7ff7717ca820,3,0
34512,0x7ff76955522e,3,0
34512,0x7ff769515cc4,3,0
34512,0x7ff7717d0feb,3,0
34512,0x7ff7717cd86f,3,0
34512,0x7ff7694f1af9,3,0
34512,0x7ff7717ca5cb,3,0
34512,0x7ff7695ac58a,3,0
34512,0x7ff769553804,3,0
34512,0x7ff7695ae025,3,0
34512,0x7ff76951a77c,3,0
34512,0x7ff7695195ea,3,0
34512,0x7ff7695195e5,3,0
34512,0x7ff7717cdf0f,3,0
34512,0x7ff7695195e3,3,0
34512,0x7ff769555cd9,3,0
34512,0x7ff7717d0f90,3,0
34512,0x7ff769555cdb,3,0
34512,0x7ff7695191e1,3,0
34512,0x7ff769515e7e,3,0
34512,0x7ff769541346,2,0
34512,0x7ff7695abae3,2,0
34512,0x7ff769563b94,2,0
34512,0x7ff76954e043,2,0
34512,0x7ff76956bd28,2,0
34512,0x7ff7717ca523,2,0
34512,0x7ff7695ab8e7,2,0
34512,0x7ff7695b0554,2,0
34512,0x7ff76954c8f4,2,0
34512,0x7ff769546883,2,0
34512,0x7ff7695b01fe,2,0
34512,0x7ff7717ca70a,2,0
34512,0x7ff7717ca52b,2,0
34512,0x7ff7695ac4b3,2,0
34512,0x7ff7695ac6d7,2,0
34512,0x7ff769549439,2,0
34512,0x7ff76956c5c2,2,0
34512,0x7ff7717ca6d4,2,0
34512,0x7ff769549fe0,2,0
34512,0x7ff7695ae62c,2,0
34512,0x7ff7695ae4cb,2,0
34512,0x7ff76956c9a5,2,0
34512,0x7ff7695ab7e0,2,0
34512,0x7ff76956ca03,2,0
34512,0x7ff769549adb,2,0
34512,0x7ff7695aee9d,2,0
34512,0x7ff7695ae33a,2,0
34512,0x7ff7695ae036,2,0
34512,0x7ff769549a3d,2,0
34512,0x7ff769549510,2,0
34512,0x7ff76956ce50,2,0
34512,0x7ff769549919,2,0
34512,0x7ff7717ca597,2,0
34512,0x7ff7695b46ac,2,0
34512,0x7ff7695495bd,2,0
34512,0x7ff7717ca555,2,0
34512,0x7ff76956bd58,2,0
34512,0x7ff7695ab843,2,0
34512,0x7ff7717ca6e0,2,0
34512,0x7ff7695ab82e,2,0
34512,0x7ff7695ab81e,2,0
34512,0x7ff76956be34,2,0
34512,0x7ff76954b78a,2,0
34512,0x7ff7695484a4,2,0
34512,0x7ff7695aff4f,2,0
34512,0x7ff7695accef,2,0
34512,0x7ff76954b76c,2,0
34512,0x7ff76956c03c,2,0
34512,0x7ff7695ab802,2,0
34512,0x7ff76956c1bc,2,0
34512,0x7ff769549164,2,0
34512,0x7ff76954934b,2,0
34512,0x7ff76956c585,2,0
34512,0x7ff7717ca57f,2,0
34512,0x7ff7695537c2,2,0
34512,0x7ff769553a4c,2,0
34512,0x7ff7717c979f,2,0
34512,0x7ff7695cfab2,2,0
34512,0x7ff7695538fe,2,0
34512,0x7ff769555bae,2,0
34512,0x7ff7695538f8,2,0
34512,0x7ff769555bd9,2,0
34512,0x7ff769555be3,2,0
34512,0x7ff76955382b,2,0
34512,0x7ff769553824,2,0
34512,0x7ff7695cf36c,2,0
34512,0x7ff7695537f1,2,0
34512,0x7ff7695537e6,2,0
34512,0x7ff769555b6a,2,0
34512,0x7ff769555d35,2,0
34512,0x7ff769555d66,2,0
34512,0x7ff7717c995f,2,0
34512,0x7ff7717c996b,2,0
34512,0x7ff7717c997a,2,0
34512,0x7ff769553767,2,0
34512,0x7ff769555dc5,2,0
34512,0x7ff76955374a,2,0
34512,0x7ff769555e04,2,0
34512,0x7ff7695b4cb1,2,0
34512,0x7ff769555f0e,2,0
34512,0x7ff769555f30,2,0
34512,0x7ff769553fd4,2,0
34512,0x7ff7717c96c9,2,0
34512,0x7ff7717c96d4,2,0
34512,0x7ff769555261,2,0
34512,0x7ff769555285,2,0
34512,0x7ff7717c96c3,2,0
34512,0x7ff7695552c0,2,0
34512,0x7ff7695540e0,2,0
34512,0x7ff7695552c3,2,0
34512,0x7ff769554057,2,0
34512,0x7ff7695552d3,2,0
34512,0x7ff7695558db,2,0
34512,0x7ff7695558f4,2,0
34512,0x7ff76955401d,2,0
34512,0x7ff769555ff2,2,0
34512,0x7ff7717c9745,2,0
34512,0x7ff769553fce,2,0
34512,0x7ff7717c9755,2,0
34512,0x7ff76955590e,2,0
34512,0x7ff7695d14bc,2,0
34512,0x7ff769553eb9,2,0
34512,0x7ff7695559be,2,0
34512,0x7ff7695d14b8,2,0
34512,0x7ff7695559f3,2,0
34512,0x7ff7695cfdc8,2,0
34512,0x7ff769555b64,2,0
34512,0x7ff7717c9789,2,0
34512,0x7ff7717c9b16,2,0
34512,0x7ff769561fe4,2,0
34512,0x7ff769561ff0,2,0
34512,0x7ff76954ece1,2,0
34512,0x7ff7717c9a0f,2,0
34512,0x7ff7695b2293,2,0
34512,0x7ff7695b2067,2,0
34512,0x7ff7717c9ab1,2,0
34512,0x7ff76954e944,2,0
34512,0x7ff76954e80e,2,0
34512,0x7ff769562a9d,2,0
34512,0x7ff7695634e4,2,0
34512,0x7ff7695635e6,2,0
34512,0x7ff7717c9ae9,2,0
34512,0x7ff769561fd5,2,0
34512,0x7ff7695b0c98,2,0
34512,0x7ff7695b0c94,2,0
34512,0x7ff7717c9b5c,2,0
34512,0x7ff7695b08c9,2,0
34512,0x7ff7717c9bb0,2,0
34512,0x7ff7695b08b3,2,0
34512,0x7ff7695b08a7,2,0
34512,0x7ff76954e327,2,0
34512,0x7ff7717ca4e1,2,0
34512,0x7ff7717ca4e9,2,0
34512,0x7ff7717ca4ec,2,0
34512,0x7ff76954e21d,2,0
34512,0x7ff7695b4b00,2,0
34512,0x7ff7695b4c7a,2,0
34512,0x7ff769553682,2,0
34512,0x7ff769556111,2,0
34512,0x7ff7717c9983,2,0
34512,0x7ff76955367a,2,0
34512,0x7ff769553675,2,0
34512,0x7ff769556204,2,0
34512,0x7ff7695b4c0e,2,0
34512,0x7ff769553670,2,0
34512,0x7ff7717c9989,2,0
34512,0x7ff769552076,2,0
34512,0x7ff769551fb3,2,0
34512,0x7ff7695562a4,2,0
34512,0x7ff7695b069c,2,0
34512,0x7ff769551f88,2,0
34512,0x7ff7717c9991,2,0
34512,0x7ff769551f6a,2,0
34512,0x7ff7717c99b0,2,0
34512,0x7ff769551e5d,2,0
34512,0x7ff769561f12,2,0
34512,0x7ff769551e49,2,0
34512,0x7ff769551e46,2,0
34512,0x7ff769551e40,2,0
34512,0x7ff7695507c4,2,0
34512,0x7ff769561f19,2,0
34512,0x7ff7695b2ede,2,0
34512,0x7ffd26fd1b11,2,0
34512,0x7ff769519ba4,2,0
34512,0x7ff7717ce144,2,0
34512,0x7ff769519c70,2,0
34512,0x7ff7694f571d,2,0
34512,0x7ff7694f5704,2,0
34512,0x7ff7694f56c9,2,0
34512,0x7ff7694f56b5,2,0
34512,0x7ff76951a56e,2,0
34512,0x7ff769519b6e,2,0
34512,0x7ff76951a578,2,0
34512,0x7ffd26fd1b2c,2,0
34512,0x7ff76951a5cf,2,0
34512,0x7ff76951a62f,2,0
34512,0x7ff7717ce02d,2,0
34512,0x7ff76951a685,2,0
34512,0x7ff76951a696,2,0
34512,0x7ff7717ce255,2,0
34512,0x7ff769519839,2,0
34512,0x7ff76951983c,2,0
34512,0x7ff7717ce317,2,0
34512,0x7ff7695199e2,2,0
34512,0x7ff7695199e7,2,0
34512,0x7ff7695199e8,2,0
34512,0x7ff769519a20,2,0
34512,0x7ffc80c48a1b,2,0
34512,0x7ffd467e1064,2,0
34512,0x7ff7717ce1c6,2,0
34512,0x7ff769519a82,2,0
34512,0x7ff7717ce17c,2,0
34512,0x7ffcce85c8e7,2,0
34512,0x7ff769519aa8,2,0
34512,0x7ff769519af7,2,0
34512,0x7ff769519b68,2,0
34512,0x7ff7694f2fc0,2,0
34512,0x7ffd4744ce02,2,0
34512,0x7ff76951f780,2,0
34512,0x7ff7717cd886,2,0
34512,0x7ff7717cd876,2,0
34512,0x7ff7695201af,2,0
34512,0x7ff76952133e,2,0
34512,0x7ff769521390,2,0
34512,0x7ff7717cd579,2,0
34512,0x7ff7717cd923,2,0
34512,0x7ff7717cd523,2,0
34512,0x7ff7695216d2,2,0
34512,0x7ffd4744ce7a,2,0
34512,0x7ff76952171a,2,0
34512,0x7ff7717cd505,2,0
34512,0x7ff76952197b,2,0
34512,0x7ff7694f2004,2,0
34512,0x7ff769519713,2,0
34512,0x7ff7717cd9ac,2,0
34512,0x7ff7717cd9c3,2,0
34512,0x7ff7694f474e,2,0
34512,0x7ff76951c22d,2,0
34512,0x7ff76951c1b6,2,0
34512,0x7ff76951c140,2,0
34512,0x7ff7717cde54,2,0
34512,0x7ff7717cdf45,2,0
34512,0x7ff7694f480e,2,0
34512,0x7ff76951a758,2,0
34512,0x7ff7717cdfc8,2,0
34512,0x7ff76951a708,2,0
34512,0x7ff76951a6ea,2,0
34512,0x7ff76951a6e7,2,0
34512,0x7ffd467e1124,2,0
34512,0x7ff7717cea9d,2,0
34512,0x7ff7717d1022,2,0
34512,0x7ff7717cec74,2,0
34512,0x7ff7717cec1e,2,0
34512,0x7ff769515bb2,2,0
34512,0x7ff771810a82,2,0
34512,0x7ff7717ceb6f,2,0
34512,0x7ff7717ceae4,2,0
34512,0x7ff7695160be,2,0
34512,0x7ff769515e78,2,0
34512,0x7ff769515811,2,0
34512,0x7ff7717cea69,2,0
34512,0x7ff7717ce9cd,2,0
34512,0x7ff769515774,2,0
34512,0x7ff769513ccf,2,0
34512,0x7ff769513ccb,2,0
34512,0x7ff769516a04,2,0
34512,0x7ff7717d0fb3,2,0
34512,0x7ff769515d0e,2,0
34512,0x7ff769515d30,2,0
34512,0x7ff769515d0a,2,0
34512,0x7ff769515d34,2,0
34512,0x7ff769515d09,2,0
34512,0x7ff769515d3d,2,0
34512,0x7ff7717d1010,2,0
34512,0x7ff769515c6b,2,0
34512,0x7ff769513b30,2,0
34512,0x7ff7717d0fb0,2,0
34512,0x7ff769515c4d,2,0
34512,0x7ff7717d0fa6,2,0
34512,0x7ff769515dbe,2,0
34512,0x7ff769515c3d,2,0
34512,0x7ff7717d101c,2,0
34512,0x7ff769515e6c,2,0
34512,0x7ff7695195a7,2,0
34512,0x7ff76951921b,2,0
34512,0x7ff769519237,2,0
34512,0x7ff769519239,2,0
34512,0x7ff769519240,2,0
34512,0x7ff769519570,2,0
34512,0x7ff76951957d,2,0
34512,0x7ff769519589,2,0
34512,0x7ff7717ce355,2,0
34512,0x7ff7717ce3a2,2,0
34512,0x7ff7695195c7,2,0
34512,0x7ff7695195ee,2,0
34512,0x7ff7695195f2,2,0
34512,0x7ff7694f6134,2,0
34512,0x7ff76951963f,2,0
34512,0x7ff769519650,2,0
34512,0x7ff7694f5950,2,0
34512,0x7ff76951a741,2,0
34512,0x7ff769519206,2,0
34512,0x7ff7695191f5,2,0
34512,0x7ff7695191f1,2,0
34512,0x7ff7694fce57,2,0
34512,0x7ff7717ce3e8,2,0
34512,0x7ff7695191c0,2,0
34512,0x7ff7695466df,2,0
34512,0x7ff769513831,2,0
34512,0x7ff769513851,2,0
34512,0x7ff769517e80,2,0
34512,0x7ff7717ce59e,2,0
34512,0x7ff769517474,2,0
34512,0x7ff7717ce618,2,0
34512,0x7ff769516b7b,2,0
34512,0x7ff769516b5f,2,0
34512,0x7ff7695462c5,2,0
34512,0x7ff7695239e1,2,0
34512,0x7ffd474644c9,2,0
34512,0x7ff7717ccd0f,2,0
34512,0x7ff769523993,2,0
34512,0x7ff7694f1cc0,2,0
34512,0x7ff7694f1b83,2,0
34512,0x7ff7694f1c70,2,0
34512,0x7ff7694f1b54,2,0
34512,0x7ff7694f1b38,2,0
34512,0x7ff7695462bb,2,0
34512,0x7ff7717cd063,2,0
34512,0x7ff7717cccc3,2,0
34512,0x7ff7717cd286,2,0
34512,0x7ffd48eb01a4,2,0
34512,0x7ff76953df84,2,0
34512,0x7ff7717caac8,2,0
34512,0x7ff769522c70,2,0
34512,0x7ff769522c6a,2,0
34512,0x7ff7695462e6,2,0
34512,0x7ff7694f1b2d,2,0
34512,0x7ff7694f1ba8,2,0
34512,0x7ff76953c18f,2,0
34512,0x7ff76954447d,2,0
34512,0x7ff769544497,2,0
34512,0x7ff7717cd16b,2,0
34512,0x7ffd47464593,2,0
34512,0x7ff7717cd133,2,0
34512,0x7ff7694f1bfa,2,0
34512,0x7ff76953c28f,2,0
34512,0x7ff7694f1bc0,2,0
34512,0x7ff7694f1ffe,2,0
34512,0x7ff76953c299,2,0
34512,0x7ff7694f1ba0,2,0
34512,0x7ff7694f1d99,2,0
34512,0x7ff76952a8fa,2,0
34512,0x7ffd474644d3,2,0
34512,0x7ff7717cd1dc,2,0
34512,0x7ff7717cad63,2,0
34512,0x7ff7717cd070,2,0
34512,0x7ff769523c14,2,0
34512,0x7ff7694f1fda,2,0
34512,0x7ff769542d29,2,0
34512,0x7ff7717ca971,2,0
34512,0x7ff769546666,2,0
34512,0x7ff76954666b,2,0
34512,0x7ff7717cd2a6,2,0
34512,0x7ff7694f1c58,2,0
34512,0x7ff76954668b,2,0
34512,0x7ff7694f1a38,2,0
34512,0x7ff7717ccc1a,2,0
34512,0x7ff769542dcb,2,0
34512,0x7ff7717ca968,2,0
34512,0x7ff7717ca854,2,0
34512,0x7ff769522698,2,0
34512,0x7ff769522397,2,0
34512,0x7ff7695222b4,2,0
34512,0x7ff76952228d,2,0
34512,0x7ff7694f17f7,2,0
34512,0x7ff7695466d3,2,0
34512,0x7ff7694f1fe3,2,0
34512,0x7ff7694f1711,2,0
34512,0x7ff7717caa83,2,0
34512,0x7ff769546300,2,0
34512,0x7ff769546308,2,0
34512,0x7ff7717ccc93,2,0
34512,0x7ff7717cd432,2,0
34512,0x7ff7717cad89,2,0
34512,0x7ff7695465bb,2,0
34512,0x7ff7717caa97,2,0
34512,0x7ff7717ccba4,2,0
34512,0x7ff7694f1c43,2,0
34512,0x7ff7717ccc45,2,0
34512,0x7ffc8022e19f,1,0
34512,0x7ff7695acf87,1,0
34512,0x7ff7695b33ec,1,0
34512,0x7ffc62f59a86,1,0
34512,0x7ff7695b286d,1,0
34512,0x7ff7695adee2,1,0
34512,0x7ffc630ff6e1,1,0
34512,0x7ff7695b2e33,1,0
34512,0x7ff7695acebe,1,0
34512,0x7ffc7fc27f30,1,0
34512,0x7ff7695b274b,1,0
34512,0x7ff7695b30ea,1,0
34512,0x7ff7695b2ef4,1,0
34512,0x7ff7695b28e6,1,0
34512,0x7ff7695b25c8,1,0
34512,0x7ff7695b2fa1,1,0
34512,0x7ffc8022e19b,1,0
34512,0x7ff7695b2d6d,1,0
34512,0x7ff7695b2846,1,0
34512,0x7ff7695b2e2a,1,0
34512,0x7ff7695ae052,1,0
34512,0x7ff7695ae011,1,0
34512,0x7ff7695b2f22,1,0
34512,0x7ff77180fe44,1,0
34512,0x7ff771810b9e,1,0
34512,0x7ff771810b7c,1,0
34512,0x7ff771810b51,1,0
34512,0x7ffd48e9ff5b,1,0
34512,0x7ff771810aa4,1,0
34512,0x7ff7695ac674,1,0
34512,0x7ff7718109bd,1,0
34512,0x7ff771810982,1,0
34512,0x7ff7695ac667,1,0
34512,0x7ff7718102c3,1,0
34512,0x7ff7718100d1,1,0
34512,0x7ff771810bc0,1,0
34512,0x7ff7717ec94d,1,0
34512,0x7ff7695ac65f,1,0
34512,0x7ff7695ac5e6,1,0
34512,0x7ff7695b4cc1,1,0
34512,0x7ffd48eb01c7,1,0
34512,0x7ffd48edebc2,1,0
34512,0x7ff7695b4cee,1,0
34512,0x7ffd48ee2250,1,0
34512,0x7ff7695ac551,1,0
34512,0x7ff7695ac540,1,0
34512,0x7ff7695b4bf8,1,0
34512,0x7ff7695b3524,1,0
34512,0x7ffc62f4b952,1,0
34512,0x7ff7695b353f,1,0
34512,0x7ffc62f42904,1,0
34512,0x7ffc62f080b9,1,0
34512,0x7ff7695b4b1f,1,0
34512,0x7ffd48e9b721,1,0
34512,0x7ffc250a8d31,1,0
34512,0x7ff7695b4bef,1,0
34512,0x7ffc2507e355,1,0
34512,0x7ff7695aceb6,1,0
34512,0x7ffc25073fad,1,0
34512,0x7ff77181ca72,1,0
34512,0x7ffd48e9b8a4,1,0
34512,0x7ff7695b4c13,1,0
34512,0x7ff77181c948,1,0
34512,0x7ff77181c93d,1,0
34512,0x7ff77181b3f0,1,0
34512,0x7ff7695b4c36,1,0
34512,0x7ff77181b3e3,1,0
34512,0x7ff77181100b,1,0
34512,0x7ff7695af236,1,0
34512,0x7ffd4744ce1b,1,0
34512,0x7ffd4744ce10,1,0
34512,0x7ff7695b06a0,1,0
34512,0x7ff7695af2d8,1,0
34512,0x7ff7695af2d4,1,0
34512,0x7ff7695af2cb,1,0
34512,0x7ffd4744ce00,1,0
34512,0x7ff7695af2b2,1,0
34512,0x7ffd4744cdfc,1,0
34512,0x7ffd4744cdf0,1,0
34512,0x7ffd4712b1e0,1,0
34512,0x7ff7695af299,1,0
34512,0x7ff7695b0688,1,0
34512,0x7ffd47464428,1,0
34512,0x7ff7695b06b0,1,0
34512,0x7ff7695af211,1,0
34512,0x7ff7695b06bb,1,0
34512,0x7ff7717ce4ad,1,0
34512,0x7ffd47464431,1,0
34512,0x7ffd47125899,1,0
34512,0x7ff7695b0796,1,0
34512,0x7ff7695b0799,1,0
34512,0x7ff7695af1f8,1,0
34512,0x7ffd46afb390,1,0
34512,0x7ff7695af1d6,1,0
34512,0x7ff7695b0192,1,0
34512,0x7ff7695affff,1,0
34512,0x7ff7695b0071,1,0
34512,0x7ff7695b007f,1,0
34512,0x7ff7695afc5a,1,0
34512,0x7ff7695b00bf,1,0
34512,0x7ff7695b00c7,1,0
34512,0x7ff7695b00ca,1,0
34512,0x7ff7695b00f1,1,0
34512,0x7ff7695b010d,1,0
34512,0x7ff7695b015b,1,0
34512,0x7ff7695afc29,1,0
34512,0x7ff7695afbe8,1,0
34512,0x7ff7695aefd6,1,0
34512,0x7ff7695af3fc,1,0
34512,0x7ffd4744ce40,1,0
34512,0x7ff7695b0263,1,0
34512,0x7ff7695b026d,1,0
34512,0x7ff7695b0281,1,0
34512,0x7ff7695b0497,1,0
34512,0x7ff7695b04b1,1,0
34512,0x7ffd4744ce8d,1,0
34512,0x7ffd4744ce3a,1,0
34512,0x7ffd4744ce1e,1,0
34512,0x7ff7695af3f3,1,0
34512,0x7ff7695af345,1,0
34512,0x7ff7695ae2b0,1,0
34512,0x7ffd23e59895,1,0
34512,0x7ffcce8a8700,1,0
34512,0x7ff7695b2055,1,0
34512,0x7ffd474645a3,1,0
34512,0x7ff7695b2079,1,0
34512,0x7ffcce85c8ce,1,0
34512,0x7ff7695ae3aa,1,0
34512,0x7ffd4746472f,1,0
34512,0x7ff7695b2586,1,0
34512,0x7ffd48e82c72,1,0
34512,0x7ff7695ae318,1,0
34512,0x7ff7695b25b1,1,0
34512,0x7ffd26fd19f0,1,0
34512,0x7ff7695b265d,1,0
34512,0x7ff7695ae1ee,1,0
34512,0x7ffd48e85308,1,0
34512,0x7ff7695b271f,1,0
34512,0x7ff7695ae1c2,1,0
34512,0x7ff7695ae173,1,0
34512,0x7ff7695ae16d,1,0
34512,0x7ff7695ae0d8,1,0
34512,0x7ff7695b273a,1,0
34512,0x7ff7695ae0cb,1,0
34512,0x7ffd48e9b26e,1,0
34512,0x7ffc8022e21f,1,0
34512,0x7ff7695b0c99,1,0
34512,0x7ff7695aeedd,1,0
34512,0x7ffd3d171ccd,1,0
34512,0x7ffd3d171cca,1,0
34512,0x7ff7695aeeb0,1,0
34512,0x7ffd26fd1da0,1,0
34512,0x7ff7695aee81,1,0
34512,0x7ffd47464584,1,0
34512,0x7ff7695b0c78,1,0
34512,0x7ff7695aee5f,1,0
34512,0x7ffd26fd1b07,1,0
34512,0x7ffd4746458e,1,0
34512,0x7ffd26fd1aeb,1,0
34512,0x7ffc8022e213,1,0
34512,0x7ff7695ae870,1,0
34512,0x7ffd26fd1aa2,1,0
34512,0x7ff7695ae6c5,1,0
34512,0x7ff7695b0c9c,1,0
34512,0x7ff7695b0f98,1,0
34512,0x7ff7695b12e3,1,0
34512,0x7ff7695b1af6,1,0
34512,0x7ff7695b1b37,1,0
34512,0x7ff7695ae697,1,0
34512,0x7ffd26fd1a07,1,0
34512,0x7ff7695b1e62,1,0
34512,0x7ff7717cd2a8,1,0
34512,0x7ff7717cd494,1,0
34512,0x7ff7717cd490,1,0
34512,0x7ff7717cd46c,1,0
34512,0x7ff7717cd45a,1,0
34512,0x7ff7717cd451,1,0
34512,0x7ff7717c99b5,1,0
34512,0x7ff7717c99b7,1,0
34512,0x7ff7717c99bd,1,0
34512,0x7ff7717cd445,1,0
34512,0x7ff7717c99cd,1,0
34512,0x7ff7717cd43b,1,0
34512,0x7ff7717c99dd,1,0
34512,0x7ff7717c99f8,1,0
34512,0x7ff7717cd2aa,1,0
34512,0x7ff7717cd4e7,1,0
34512,0x7ff7717c9a08,1,0
34512,0x7ff7717cd29e,1,0
34512,0x7ff7717c9a15,1,0
34512,0x7ff7717c9a76,1,0
34512,0x7ff7717cd263,1,0
34512,0x7ff7717cd260,1,0
34512,0x7ff7717cd24c,1,0
34512,0x7ff7717c9ac7,1,0
34512,0x7ff7717c9ad0,1,0
34512,0x7ff7717cd248,1,0
34512,0x7ff7717cd21b,1,0
34512,0x7ff7717cd206,1,0
34512,0x7ff7717cd1d0,1,0
34512,0x7ff7717cd7a4,1,0
34512,0x7ff7717cdda5,1,0
34512,0x7ff7717cdb39,1,0
34512,0x7ff7717cdaea,1,0
34512,0x7ff7717cda2f,1,0
34512,0x7ff7717cd9ce,1,0
34512,0x7ff7717cd8f2,1,0
34512,0x7ff7717cd8ca,1,0
34512,0x7ff7717c996f,1,0
34512,0x7ff7717cd8c7,1,0
34512,0x7ff7717cd88a,1,0
34512,0x7ff7717cd862,1,0
34512,0x7ff7717cd85e,1,0
34512,0x7ff7717cd854,1,0
34512,0x7ff7717cd7a7,1,0
34512,0x7ff7717cd1ca,1,0
34512,0x7ff7717c997d,1,0
34512,0x7ff7717cd614,1,0
34512,0x7ff7717cd604,1,0
34512,0x7ff7717cd5e6,1,0
34512,0x7ff7717cd575,1,0
34512,0x7ff7717cd55b,1,0
34512,0x7ff7717cd555,1,0
34512,0x7ff7717c998c,1,0
34512,0x7ff7717cd54c,1,0
34512,0x7ff7717cd546,1,0
34512,0x7ff7717cd52c,1,0
34512,0x7ff7717cd518,1,0
34512,0x7ff7717cd4eb,1,0
34512,0x7ff7717caaea,1,0
34512,0x7ff7717cad81,1,0
34512,0x7ff7717cad7a,1,0
34512,0x7ff7717cad23,1,0
34512,0x7ff7717cad18,1,0
34512,0x7ff7717cac0a,1,0
34512,0x7ff7717ca5a0,1,0
34512,0x7ff7717cab9d,1,0
34512,0x7ff7717ca5a7,1,0
34512,0x7ff7717cab90,1,0
34512,0x7ff7717cab8a,1,0
34512,0x7ff7717cab73,1,0
34512,0x7ff7717ca5bd,1,0
34512,0x7ff7717cab64,1,0
34512,0x7ff7717cab07,1,0
34512,0x7ff7717cc072,1,0
34512,0x7ff7717caab8,1,0
34512,0x7ff7717caab1,1,0
34512,0x7ff7717caaa6,1,0
34512,0x7ff7717ca6f2,1,0
34512,0x7ff7717ca980,1,0
34512,0x7ff7717ca714,1,0
34512,0x7ff7717ca72f,1,0
34512,0x7ff7717ca741,1,0
34512,0x7ff7717ca749,1,0
34512,0x7ff7717ca86a,1,0
34512,0x7ff7717ca758,1,0
34512,0x7ff7717ca77a,1,0
34512,0x7ff7717ca7bc,1,0
34512,0x7ff7717cccd3,1,0
34512,0x7ff7717c9bb9,1,0
34512,0x7ff7717c9be3,1,0
34512,0x7ff7717c9c95,1,0
34512,0x7ff7717cd1c8,1,0
34512,0x7ff7717ca2e9,1,0
34512,0x7ff7717cd1a3,1,0
34512,0x7ff7717cd183,1,0
34512,0x7ff7717ca4e6,1,0
34512,0x7ff7717cd113,1,0
34512,0x7ff7717cd0d3,1,0
34512,0x7ff7717ca511,1,0
34512,0x7ff7717cccff,1,0
34512,0x7ff7717cccf0,1,0
34512,0x7ff7717cdf4f,1,0
34512,0x7ff7717cccc9,1,0
34512,0x7ff7717ccca7,1,0
34512,0x7ff7717ccc99,1,0
34512,0x7ff7717ccc51,1,0
34512,0x7ff7717ccc49,1,0
34512,0x7ffd48f10bb4,1,0
34512,0x7ff7717ccc3d,1,0
34512,0x7ff7717ca54c,1,0
34512,0x7ff7717ca552,1,0
34512,0x7ff7717ccc29,1,0
34512,0x7ff7717ccbbc,1,0
34512,0x7ff7717ca569,1,0
34512,0x7ff7717ccb90,1,0
34512,0x7ff7717ce4da,1,0
34512,0x7ff7695d10a7,1,0
34512,0x7ff7695d146b,1,0
34512,0x7ff7717ce7f6,1,0
34512,0x7ff7717ce7c2,1,0
34512,0x7ff7695d1472,1,0
34512,0x7ff7717ce749,1,0
34512,0x7ff7695d147b,1,0
34512,0x7ff7717ce6ce,1,0
34512,0x7ff7717ce6b4,1,0
34512,0x7ff7717ce686,1,0
34512,0x7ff7717ce5f0,1,0
34512,0x7ff7717ce554,1,0
34512,0x7ff7717ce53c,1,0
34512,0x7ff7717ce529,1,0
34512,0x7ff7717ce82f,1,0
34512,0x7ff769725582,1,0
34512,0x7ff7697264eb,1,0
34512,0x7ff7717ce4d4,1,0
34512,0x7ff7717ce4ca,1,0
34512,0x7ff7717ce4be,1,0
34512,0x7ff7717ce4a7,1,0
34512,0x7ff7717ce454,1,0
34512,0x7ff7717ce43d,1,0
34512,0x7ff7697266aa,1,0
34512,0x7ff76973071d,1,0
34512,0x7ff7717ce3f1,1,0
34512,0x7ff769730766,1,0
34512,0x7ff769730e70,1,0
34512,0x7ff7695cf4f4,1,0
34512,0x7ff7695b4d56,1,0
34512,0x7ff7695b4d9c,1,0
34512,0x7ff7695b4e0b,1,0
34512,0x7ff7717d0fc4,1,0
34512,0x7ff7695cf345,1,0
34512,0x7ff7717cf15e,1,0
34512,0x7ff7695cf35e,1,0
34512,0x7ff7717cf0bc,1,0
34512,0x7ff7695cf3f3,1,0
34512,0x7ff7717cef2d,1,0
34512,0x7ff7717cef07,1,0
34512,0x7ff7695cf4d6,1,0
34512,0x7ff7717cec62,1,0
34512,0x7ff7697316a7,1,0
34512,0x7ff7695cf603,1,0
34512,0x7ff7717cebf8,1,0
34512,0x7ff7717ceb78,1,0
34512,0x7ff7717cea9a,1,0
34512,0x7ff7717cea79,1,0
34512,0x7ff7717ce9cb,1,0
34512,0x7ff7695cfa80,1,0
34512,0x7ff7717ce9a4,1,0
34512,0x7ff7717ce97e,1,0
34512,0x7ff7695cfb3e,1,0
34512,0x7ff7717ce89d,1,0
34512,0x7ff7717ce871,1,0
34512,0x7ff7717ce854,1,0
34512,0x7ff7717ce094,1,0
34512,0x7ff7717ce149,1,0
34512,0x7ff7717ce12f,1,0
34512,0x7ff7717c977d,1,0
34512,0x7ff7717c9781,1,0
34512,0x7ff7717ce113,1,0
34512,0x7ff7717ce0ee,1,0
34512,0x7ff7717ce0be,1,0
34512,0x7ff7717ce0b4,1,0
34512,0x7ff7717c9794,1,0
34512,0x7ff7717c979d,1,0
34512,0x7ff7717ce0ae,1,0
34512,0x7ff7717ce0a5,1,0
34512,0x7ff7717ce097,1,0
34512,0x7ff7717c97aa,1,0
34512,0x7ff7717ce14e,1,0
34512,0x7ff7717c97af,1,0
34512,0x7ff7717ce058,1,0
34512,0x7ff7717ce033,1,0
34512,0x7ff7717c97db,1,0
34512,0x7ff7717c97e9,1,0
34512,0x7ff7717ce002,1,0
34512,0x7ff7717c9809,1,0
34512,0x7ff7717c9951,1,0
34512,0x7ff7717c9959,1,0
34512,0x7ff7717cdff9,1,0
34512,0x7ff7717cdff0,1,0
34512,0x7ff7717cdf96,1,0
34512,0x7ff7717cdf62,1,0
34512,0x7ff7717ce341,1,0
34512,0x7ff76973221d,1,0
34512,0x7ff769732281,1,0
34512,0x7ff7717ce3da,1,0
34512,0x7ff7717ce3d8,1,0
34512,0x7ff7717ce3d5,1,0
34512,0x7ff7717ce3ad,1,0
34512,0x7ff7717ce38f,1,0
34512,0x7ff7717ce37e,1,0
34512,0x7ff7717ce36e,1,0
34512,0x7ff7717ce367,1,0
34512,0x7ff7717ce35d,1,0
34512,0x7ff7717c96e7,1,0
34512,0x7ff7717c970d,1,0
34512,0x7ff7695b4d48,1,0
34512,0x7ff7717ce334,1,0
34512,0x7ff7717c973f,1,0
34512,0x7ff7717ce31f,1,0
34512,0x7ff7717ce31b,1,0
34512,0x7ff7717ce2bc,1,0
34512,0x7ff7717ce2b0,1,0
34512,0x7ff7717ce18a,1,0
34512,0x7ff7717ce172,1,0
34512,0x7ff7717c975d,1,0
34512,0x7ff7717ce162,1,0
34512,0x7ff7717c9764,1,0
34512,0x7ff7717ce15f,1,0
34512,0x7ff7717c976c,1,0
34512,0x7ff76951c4ed,1,0
34512,0x7ff76951fa6b,1,0
34512,0x7ff76951fa60,1,0
34512,0x7ff76951f7e1,1,0
34512,0x7ff76951f779,1,0
34512,0x7ff76951f76a,1,0
34512,0x7ff76951f747,1,0
34512,0x7ff76951f71b,1,0
34512,0x7ff76951f712,1,0
34512,0x7ff76951f6d0,1,0
34512,0x7ff76951f5d7,1,0
34512,0x7ff76951f47d,1,0
34512,0x7ff76951fbbe,1,0
34512,0x7ff76951c16d,1,0
34512,0x7ff76951c15f,1,0
34512,0x7ff76951c158,1,0
34512,0x7ff76951c14c,1,0
34512,0x7ff76951abc4,1,0
34512,0x7ff76951a7bf,1,0
34512,0x7ff76951a7ae,1,0
34512,0x7ff76951a76e,1,0
34512,0x7ff76951a76b,1,0
34512,0x7ff76951a744,1,0
34512,0x7ff7695210d2,1,0
34512,0x7ff7695214e2,1,0
34512,0x7ff7695214c6,1,0
34512,0x7ff7695213d8,1,0
34512,0x7ff76952136a,1,0
34512,0x7ff769521345,1,0
34512,0x7ff769521307,1,0
34512,0x7ff7695212cd,1,0
34512,0x7ff7695212b0,1,0
34512,0x7ff769521266,1,0
34512,0x7ff769521257,1,0
34512,0x7ff7695210f7,1,0
34512,0x7ff76951a731,1,0
34512,0x7ff769520b16,1,0
34512,0x7ff769520b12,1,0
34512,0x7ff769520a30,1,0
34512,0x7ff769520a2d,1,0
34512,0x7ff7695209b7,1,0
34512,0x7ff769520720,1,0
34512,0x7ff769520707,1,0
34512,0x7ff76951fe4f,1,0
34512,0x7ff76951fbc0,1,0
34512,0x7ff76951fbbf,1,0
34512,0x7ff7695199e0,1,0
34512,0x7ff769519b6b,1,0
34512,0x7ff769519b27,1,0
34512,0x7ff769519ac4,1,0
34512,0x7ff769519aa6,1,0
34512,0x7ff769519a96,1,0
34512,0x7ff769519a90,1,0
34512,0x7ff769519a65,1,0
34512,0x7ff769519a5b,1,0
34512,0x7ff769519a4a,1,0
34512,0x7ff769519a19,1,0
34512,0x7ff7695199ea,1,0
34512,0x7ff769519b74,1,0
34512,0x7ff76951989b,1,0
34512,0x7ff769519830,1,0
34512,0x7ff769519682,1,0
34512,0x7ff76951962e,1,0
34512,0x7ff7695195b4,1,0
34512,0x7ff7695195a0,1,0
34512,0x7ff76951957f,1,0
34512,0x7ff769519363,1,0
34512,0x7ff76951935a,1,0
34512,0x7ff7695192f8,1,0
34512,0x7ff76951a51e,1,0
34512,0x7ff76951a72f,1,0
34512,0x7ff76951a716,1,0
34512,0x7ff76951a6a0,1,0
34512,0x7ff76951a655,1,0
34512,0x7ff76951a5db,1,0
34512,0x7ff76951a59f,1,0
34512,0x7ff76951a593,1,0
34512,0x7ff76951a563,1,0
34512,0x7ff76951a557,1,0
34512,0x7ff76951a540,1,0
34512,0x7ff76951a523,1,0
34512,0x7ff769521590,1,0
34512,0x7ff769519d1b,1,0
34512,0x7ff769519ca1,1,0
34512,0x7ff769519c64,1,0
34512,0x7ff769519c53,1,0
34512,0x7ff769519c42,1,0
34512,0x7ff769519c2a,1,0
34512,0x7ff769519c14,1,0
34512,0x7ff769519c03,1,0
34512,0x7ff769519bc9,1,0
34512,0x7ff769519bb7,1,0
34512,0x7ff76952a98d,1,0
34512,0x7ff76953c53f,1,0
34512,0x7ff76953c53a,1,0
34512,0x7ff76953c52e,1,0
34512,0x7ff76953c2a6,1,0
34512,0x7ff76953c2a1,1,0
34512,0x7ff76953c230,1,0
34512,0x7ff76953c1cf,1,0
34512,0x7ff76953c1bd,1,0
34512,0x7ff76953c178,1,0
34512,0x7ff76953c155,1,0
34512,0x7ff76953c14b,1,0
34512,0x7ff76953c57c,1,0
34512,0x7ff76952a98c,1,0
34512,0x7ff76952a97a,1,0
34512,0x7ff76952a906,1,0
34512,0x7ff76952a8b5,1,0
34512,0x7ff769524c68,1,0
34512,0x7ff769524aef,1,0
34512,0x7ff76952494b,1,0
34512,0x7ff769524930,1,0
34512,0x7ff769523c5d,1,0
34512,0x7ff769523c2d,1,0
34512,0x7ff76953dda2,1,0
34512,0x7ff769542d23,1,0
34512,0x7ff769542896,1,0
34512,0x7ff76953e447,1,0
34512,0x7ff76953e29e,1,0
34512,0x7ff76953e1a8,1,0
34512,0x7ff76953df98,1,0
34512,0x7ff76953df90,1,0
34512,0x7ff76953df8c,1,0
34512,0x7ff76953dddf,1,0
34512,0x7ff76953ddd2,1,0
34512,0x7ff76953ddc1,1,0
34512,0x7ff769523c0b,1,0
34512,0x7ff76953dd1f,1,0
34512,0x7ff76953dc7d,1,0
34512,0x7ff76953dc3a,1,0
34512,0x7ff76953dbc4,1,0
34512,0x7ff76953d9d7,1,0
34512,0x7ff76953d989,1,0
34512,0x7ff76953c804,1,0
34512,0x7ff76953c75c,1,0
34512,0x7ff76953c64e,1,0
34512,0x7ff76953c603,1,0
34512,0x7ff769521771,1,0
34512,0x7ff76952299f,1,0
34512,0x7ff7695227c4,1,0
34512,0x7ff76952271f,1,0
34512,0x7ff769522705,1,0
34512,0x7ff7695226df,1,0
34512,0x7ff7695226c5,1,0
34512,0x7ff769522231,1,0
34512,0x7ff769522084,1,0
34512,0x7ff76952205d,1,0
34512,0x7ff769521c76,1,0
34512,0x7ff769521c5c,1,0
34512,0x7ff769522ad2,1,0
34512,0x7ff769521768,1,0
34512,0x7ff769521753,1,0
34512,0x7ff769521743,1,0
34512,0x7ff76952170e,1,0
34512,0x7ff769521674,1,0
34512,0x7ff76952166f,1,0
34512,0x7ff7695215fc,1,0
34512,0x7ff7695215ee,1,0
34512,0x7ff7695215e2,1,0
34512,0x7ff7695215a1,1,0
34512,0x7ff76952353f,1,0
34512,0x7ff769523b3e,1,0
34512,0x7ff769523ae1,1,0
34512,0x7ff7695239d9,1,0
34512,0x7ff7695239b7,1,0
34512,0x7ff76952399a,1,0
34512,0x7ff769523982,1,0
34512,0x7ff76952382b,1,0
34512,0x7ff7695237fd,1,0
34512,0x7ff7695237bd,1,0
34512,0x7ff76952378d,1,0
34512,0x7ff7695192d6,1,0
34512,0x7ff769522e87,1,0
34512,0x7ff769522e79,1,0
34512,0x7ff769522dbf,1,0
34512,0x7ff769522c57,1,0
34512,0x7ff769522be0,1,0
34512,0x7ff769522b53,1,0
34512,0x7ff769522b34,1,0
34512,0x7ff769522b02,1,0
34512,0x7ff769522af8,1,0
34512,0x7ff769522ada,1,0
34512,0x7ff7694f5494,1,0
34512,0x7ff7694f5737,1,0
34512,0x7ff7694f5717,1,0
34512,0x7ff7694f56d5,1,0
34512,0x7ff7694f56a2,1,0
34512,0x7ff7694f56a1,1,0
34512,0x7ff7694f5627,1,0
34512,0x7ff7694f5624,1,0
34512,0x7ff7694f55c1,1,0
34512,0x7ff7694f55be,1,0
34512,0x7ff7694f55a2,1,0
34512,0x7ff7694f5557,1,0
34512,0x7ff7694f5767,1,0
34512,0x7ff7694f52e6,1,0
34512,0x7ff7694f4985,1,0
34512,0x7ff7694f496f,1,0
34512,0x7ff7694f485a,1,0
34512,0x7ff7694f47cc,1,0
34512,0x7ff7694f4767,1,0
34512,0x7ff7694f4760,1,0
34512,0x7ff7694f4743,1,0
34512,0x7ff7694f4713,1,0
34512,0x7ff7694f4704,1,0
34512,0x7ff769508bec,1,0
34512,0x7ff769513936,1,0
34512,0x7ff769513923,1,0
34512,0x7ff76951391f,1,0
34512,0x7ff769513910,1,0
34512,0x7ff7695138d2,1,0
34512,0x7ff769513872,1,0
34512,0x7ff76951386d,1,0
34512,0x7ff769513862,1,0
34512,0x7ff76951385c,1,0
34512,0x7ff769508bf5,1,0
34512,0x7ff769508bee,1,0
34512,0x7ff7694f46d2,1,0
34512,0x7ff7694fcbc6,1,0
34512,0x7ff7694fcbc4,1,0
34512,0x7ff7694fcbc0,1,0
34512,0x7ff7694fc9d7,1,0
34512,0x7ff7694f5836,1,0
34512,0x7ff7694f57bd,1,0
34512,0x7ff7694f57b7,1,0
34512,0x7ff7694f5789,1,0
34512,0x7ff7694f5787,1,0
34512,0x7ff7694f5775,1,0
34512,0x7ff7694f1b35,1,0
34512,0x7ff7694f1dba,1,0
34512,0x7ff7694f1d94,1,0
34512,0x7ff7694f1d87,1,0
34512,0x7ff7694f1d54,1,0
34512,0x7ff7694f1d48,1,0
34512,0x7ff7694f1d3f,1,0
34512,0x7ff7694f1cb1,1,0
34512,0x7ff7694f1c68,1,0
34512,0x7ff7694f1c5c,1,0
34512,0x7ff7694f1c37,1,0
34512,0x7ff7694f1b89,1,0
34512,0x7ff7694f1dc0,1,0
34512,0x7ff7694f1b2f,1,0
34512,0x7ff7694f1af6,1,0
34512,0x7ff7694f1af4,1,0
34512,0x7ff7694f1af2,1,0
34512,0x7ff7694f19dc,1,0
34512,0x7ff7694f1816,1,0
34512,0x7ff7694f1802,1,0
34512,0x7ff7694f17e2,1,0
34512,0x7ff7694f17d7,1,0
34512,0x7ff7694f1713,1,0
34512,0x7ff7694f3051,1,0
34512,0x7ff7694f3b06,1,0
34512,0x7ff7694f3692,1,0
34512,0x7ff7694f3684,1,0
34512,0x7ff7694f3674,1,0
34512,0x7ff7694f3650,1,0
34512,0x7ff7694f3648,1,0
34512,0x7ff7694f3633,1,0
34512,0x7ff7694f35f9,1,0
34512,0x7ff7694f3580,1,0
34512,0x7ff7694f3471,1,0
34512,0x7ff7694f3410,1,0
34512,0x7ff7695139c2,1,0
34512,0x7ff7694f2fb0,1,0
34512,0x7ff7694f2f21,1,0
34512,0x7ff7694f2284,1,0
34512,0x7ff7694f21ef,1,0
34512,0x7ff7694f21e5,1,0
34512,0x7ff7694f2007,1,0
34512,0x7ff7694f1f26,1,0
34512,0x7ff7694f1f23,1,0
34512,0x7ff7694f1f1a,1,0
34512,0x7ff7694f1f09,1,0
34512,0x7ff769516a0d,1,0
34512,0x7ff769517795,1,0
34512,0x7ff769517792,1,0
34512,0x7ff7695175af,1,0
34512,0x7ff769517411,1,0
34512,0x7ff769516b84,1,0
34512,0x7ff769516b7e,1,0
34512,0x7ff769516b6c,1,0
34512,0x7ff769516aad,1,0
34512,0x7ff769516a9f,1,0
34512,0x7ff769516a58,1,0
34512,0x7ff769516a14,1,0
34512,0x7ff76951792b,1,0
34512,0x7ff769516a01,1,0
34512,0x7ff7695169fc,1,0
34512,0x7ff7695169eb,1,0
34512,0x7ff7695169e9,1,0
34512,0x7ff7695169dc,1,0
34512,0x7ff7695169d2,1,0
34512,0x7ff7695169c5,1,0
34512,0x7ff7695169bc,1,0
34512,0x7ff7695169b6,1,0
34512,0x7ff7695169a9,1,0
34512,0x7ff769518aa3,1,0
34512,0x7ff7695192a3,1,0
34512,0x7ff76951925b,1,0
34512,0x7ff769519232,1,0
34512,0x7ff769519207,1,0
34512,0x7ff769519205,1,0
34512,0x7ff769519201,1,0
34512,0x7ff7695191d5,1,0
34512,0x7ff7695191cf,1,0
34512,0x7ff7695191cd,1,0
34512,0x7ff7695191c6,1,0
34512,0x7ff7695191c1,1,0
34512,0x7ff7695169a6,1,0
34512,0x7ff769518826,1,0
34512,0x7ff76951881d,1,0
34512,0x7ff76951819a,1,0
34512,0x7ff769518121,1,0
34512,0x7ff7695180c6,1,0
34512,0x7ff7695180ab,1,0
34512,0x7ff769517fef,1,0
34512,0x7ff769517ee7,1,0
34512,0x7ff769517e9b,1,0
34512,0x7ff769517e93,1,0
34512,0x7ff76951583c,1,0
34512,0x7ff769515d08,1,0
34512,0x7ff769515cc0,1,0
34512,0x7ff769515cb4,1,0
34512,0x7ff769515c18,1,0
34512,0x7ff769515c0e,1,0
34512,0x7ff769515bd3,1,0
34512,0x7ff769515bc4,1,0
34512,0x7ff769515bb8,1,0
34512,0x7ff769515bb6,1,0
34512,0x7ff7695159e0,1,0
34512,0x7ff769515883,1,0
34512,0x7ff769515d41,1,0
34512,0x7ff7695157a6,1,0
34512,0x7ff7695157a2,1,0
34512,0x7ff769515798,1,0
34512,0x7ff769515788,1,0
34512,0x7ff76951577d,1,0
34512,0x7ff769513ce7,1,0
34512,0x7ff769513cc2,1,0
34512,0x7ff769513c97,1,0
34512,0x7ff769513c7d,1,0
34512,0x7ff7695139ec,1,0
34512,0x7ff769515f46,1,0
34512,0x7ff769516141,1,0
34512,0x7ff76951610f,1,0
34512,0x7ff7695160d1,1,0
34512,0x7ff7695160cf,1,0
34512,0x7ff7695160aa,1,0
34512,0x7ff769515fce,1,0
34512,0x7ff769515fc8,1,0
34512,0x7ff769515fb4,1,0
34512,0x7ff769515f97,1,0
34512,0x7ff769515f87,1,0
34512,0x7ff769542d38,1,0
34512,0x7ff769515e98,1,0
34512,0x7ff769515e80,1,0
34512,0x7ff769515e43,1,0
34512,0x7ff769515dfb,1,0
34512,0x7ff769515d69,1,0
34512,0x7ff769515d66,1,0
34512,0x7ff769515d60,1,0
34512,0x7ff769515d5e,1,0
34512,0x7ff769515d4d,1,0
34512,0x7ff769515d48,1,0
34512,0x7ff769556433,1,0
34512,0x7ff769561fc2,1,0
34512,0x7ff769561f96,1,0
34512,0x7ff769561f92,1,0
34512,0x7ff769561f77,1,0
34512,0x7ff769561f4e,1,0
34512,0x7ff769561f32,1,0
34512,0x7ff769561f2d,1,0
34512,0x7ff769561f23,1,0
34512,0x7ff769561f1b,1,0
34512,0x7ff769561f1a,1,0
34512,0x7ff769556448,1,0
34512,0x7ff769561fc5,1,0
34512,0x7ff769556335,1,0
34512,0x7ff7695562eb,1,0
34512,0x7ff7695562c3,1,0
34512,0x7ff7695562c0,1,0
34512,0x7ff76955629b,1,0
34512,0x7ff76955620d,1,0
34512,0x7ff769556208,1,0
34512,0x7ff769556176,1,0
34512,0x7ff7695560f2,1,0
34512,0x7ff76955606c,1,0
34512,0x7ff76956254d,1,0
34512,0x7ff7695636da,1,0
34512,0x7ff7695636cd,1,0
34512,0x7ff769563677,1,0
34512,0x7ff769563660,1,0
34512,0x7ff7695635a3,1,0
34512,0x7ff769563583,1,0
34512,0x7ff769563568,1,0
34512,0x7ff769563564,1,0
34512,0x7ff769563520,1,0
34512,0x7ff769562ac1,1,0
34512,0x7ff76956254f,1,0
34512,0x7ff769555fea,1,0
34512,0x7ff76956254b,1,0
34512,0x7ff769562548,1,0
34512,0x7ff769562545,1,0
34512,0x7ff769562078,1,0
34512,0x7ff769562061,1,0
34512,0x7ff769562057,1,0
34512,0x7ff769562051,1,0
34512,0x7ff769562038,1,0
34512,0x7ff769561ffd,1,0
34512,0x7ff769561fca,1,0
34512,0x7ff769555632,1,0
34512,0x7ff769555a12,1,0
34512,0x7ff7695559e6,1,0
34512,0x7ff7695559dc,1,0
34512,0x7ff769555927,1,0
34512,0x7ff769555916,1,0
34512,0x7ff769555912,1,0
34512,0x7ff769555880,1,0
34512,0x7ff769555854,1,0
34512,0x7ff769555766,1,0
34512,0x7ff7695556aa,1,0
34512,0x7ff76955565f,1,0
34512,0x7ff769555a3a,1,0
34512,0x7ff7695555e0,1,0
34512,0x7ff7695552ea,1,0
34512,0x7ff769555299,1,0
34512,0x7ff769555293,1,0
34512,0x7ff76955527e,1,0
34512,0x7ff769555252,1,0
34512,0x7ff769555227,1,0
34512,0x7ff769555219,1,0
34512,0x7ff769555210,1,0
34512,0x7ff7695542d3,1,0
34512,0x7ff769555cb3,1,0
34512,0x7ff769555f15,1,0
34512,0x7ff769555f07,1,0
34512,0x7ff769555e38,1,0
34512,0x7ff769555e27,1,0
34512,0x7ff769555dfc,1,0
34512,0x7ff769555d5f,1,0
34512,0x7ff769555d45,1,0
34512,0x7ff769555d32,1,0
34512,0x7ff769555d2f,1,0
34512,0x7ff769555ced,1,0
34512,0x7ff769555cb6,1,0
34512,0x7ff769563970,1,0
34512,0x7ff769555c97,1,0
34512,0x7ff769555c87,1,0
34512,0x7ff769555c6a,1,0
34512,0x7ff769555c53,1,0
34512,0x7ff769555bee,1,0
34512,0x7ff769555b8a,1,0
34512,0x7ff769555b88,1,0
34512,0x7ff769555b67,1,0
34512,0x7ff769555b55,1,0
34512,0x7ff769555b4e,1,0
34512,0x7ff76956c721,1,0
34512,0x7ff7695aafdc,1,0
34512,0x7ff7695aaf47,1,0
34512,0x7ff7695a8c85,1,0
34512,0x7ff7695a76cf,1,0
34512,0x7ff7695a76c6,1,0
34512,0x7ff76959efed,1,0
34512,0x7ff76959efd3,1,0
34512,0x7ff76956ce57,1,0
34512,0x7ff76956cab3,1,0
34512,0x7ff76956c735,1,0
34512,0x7ff76956c726,1,0
34512,0x7ff7695aaff9,1,0
34512,0x7ff76956c67b,1,0
34512,0x7ff76956c64e,1,0
34512,0x7ff76956c62f,1,0
34512,0x7ff76956c610,1,0
34512,0x7ff76956c5f2,1,0
34512,0x7ff76956c5bb,1,0
34512,0x7ff76956c5a9,1,0
34512,0x7ff76956c56d,1,0
34512,0x7ff76956c4a3,1,0
34512,0x7ff76956c475,1,0
34512,0x7ff7695ab852,1,0
34512,0x7ff7695ac528,1,0
34512,0x7ff7695ac4da,1,0
34512,0x7ff7695ac4a2,1,0
34512,0x7ff7695abaf5,1,0
34512,0x7ff7695aba92,1,0
34512,0x7ff7695aba64,1,0
34512,0x7ff7695aba43,1,0
34512,0x7ff7695aba36,1,0
34512,0x7ff7695ab8ae,1,0
34512,0x7ff7695ab8a2,1,0
34512,0x7ff7695ab860,1,0
34512,0x7ff76956c462,1,0
34512,0x7ff7695ab811,1,0
34512,0x7ff7695ab7d1,1,0
34512,0x7ff7695ab6ed,1,0
34512,0x7ff7695ab68c,1,0
34512,0x7ff7695ab674,1,0
34512,0x7ff7695ab1b2,1,0
34512,0x7ff7695ab19c,1,0
34512,0x7ff7695ab143,1,0
34512,0x7ff7695ab0cd,1,0
34512,0x7ff7695ab084,1,0
34512,0x7ff769563b79,1,0
34512,0x7ff76956bcde,1,0
34512,0x7ff76956bbe3,1,0
34512,0x7ff76956bba5,1,0
34512,0x7ff76956bba2,1,0
34512,0x7ff76956bae5,1,0
34512,0x7ff76956ba43,1,0
34512,0x7ff769563fe7,1,0
34512,0x7ff769563fe3,1,0
34512,0x7ff769563ced,1,0
34512,0x7ff769563ce8,1,0
34512,0x7ff769563ce1,1,0
34512,0x7ff76956bcdf,1,0
34512,0x7ff769563b4a,1,0
34512,0x7ff769563b42,1,0
34512,0x7ff769563ae1,1,0
34512,0x7ff769563ad5,1,0
34512,0x7ff769563aaa,1,0
34512,0x7ff769563a97,1,0
34512,0x7ff769563a5d,1,0
34512,0x7ff769563a0d,1,0
34512,0x7ff7695639e9,1,0
34512,0x7ff769563998,1,0
34512,0x7ff76956bfda,1,0
34512,0x7ff76956c23f,1,0
34512,0x7ff76956c1c1,1,0
34512,0x7ff76956c1ad,1,0
34512,0x7ff76956c192,1,0
34512,0x7ff76956c17e,1,0
34512,0x7ff76956c176,1,0
34512,0x7ff76956c0d7,1,0
34512,0x7ff76956c0cd,1,0
34512,0x7ff76956c081,1,0
34512,0x7ff76956c068,1,0
34512,0x7ff7695541ce,1,0
34512,0x7ff76956bf1e,1,0
34512,0x7ff76956bed7,1,0
34512,0x7ff76956bea3,1,0
34512,0x7ff76956be99,1,0
34512,0x7ff76956be4f,1,0
34512,0x7ff76956be2a,1,0
34512,0x7ff76956bdd0,1,0
34512,0x7ff76956bd84,1,0
34512,0x7ff76956bd3a,1,0
34512,0x7ff76956bd30,1,0
34512,0x7ff76954766a,1,0
34512,0x7ff769548fd2,1,0
34512,0x7ff769547f87,1,0
34512,0x7ff769547e95,1,0
34512,0x7ff769547d16,1,0
34512,0x7ff769547cee,1,0
34512,0x7ff769547ce1,1,0
34512,0x7ff769547c67,1,0
34512,0x7ff769547ae6,1,0
34512,0x7ff769547ad8,1,0
34512,0x7ff7695479c7,1,0
34512,0x7ff7695479c4,1,0
34512,0x7ff76954900b,1,0
34512,0x7ff7695475eb,1,0
34512,0x7ff7695468b0,1,0
34512,0x7ff76954687b,1,0
34512,0x7ff76954680d,1,0
34512,0x7ff76954675c,1,0
34512,0x7ff7695466ff,1,0
34512,0x7ff7695466f7,1,0
34512,0x7ff7695466e8,1,0
34512,0x7ff7695466d6,1,0
34512,0x7ff7695466b1,1,0
34512,0x7ff76954a0b9,1,0
34512,0x7ff76954bf84,1,0
34512,0x7ff76954b79c,1,0
34512,0x7ff76954b784,1,0
34512,0x7ff76954b781,1,0
34512,0x7ff76954b77c,1,0
34512,0x7ff76954b768,1,0
34512,0x7ff76954b704,1,0
34512,0x7ff76954b4d7,1,0
34512,0x7ff76954a22d,1,0
34512,0x7ff76954a209,1,0
34512,0x7ff76954a1e6,1,0
34512,0x7ff7695466ab,1,0
34512,0x7ff769549b6d,1,0
34512,0x7ff769549af7,1,0
34512,0x7ff769549683,1,0
34512,0x7ff769549637,1,0
34512,0x7ff769549534,1,0
34512,0x7ff76954952b,1,0
34512,0x7ff769549487,1,0
34512,0x7ff76954941d,1,0
34512,0x7ff7695493ea,1,0
34512,0x7ff769549399,1,0
34512,0x7ff76954373e,1,0
34512,0x7ff769544baa,1,0
34512,0x7ff769544b51,1,0
34512,0x7ff769544476,1,0
34512,0x7ff769544466,1,0
34512,0x7ff76954445e,1,0
34512,0x7ff769544457,1,0
34512,0x7ff769544436,1,0
34512,0x7ff76954436f,1,0
34512,0x7ff76954432a,1,0
34512,0x7ff769544303,1,0
34512,0x7ff7695442f8,1,0
34512,0x7ff769544bd4,1,0
34512,0x7ff76954360a,1,0
34512,0x7ff769543546,1,0
34512,0x7ff7695431d9,1,0
34512,0x7ff769542e23,1,0
34512,0x7ff769542de7,1,0
34512,0x7ff769542de1,1,0
34512,0x7ff769542dda,1,0
34512,0x7ff769542dd4,1,0
34512,0x7ff769542d5c,1,0
34512,0x7ff769542d43,1,0
34512,0x7ff76954657e,1,0
34512,0x7ff7695466a2,1,0
34512,0x7ff76954669f,1,0
34512,0x7ff76954666e,1,0
34512,0x7ff769546615,1,0
34512,0x7ff76954660f,1,0
34512,0x7ff769546606,1,0
34512,0x7ff769546603,1,0
34512,0x7ff7695465ef,1,0
34512,0x7ff7695465ea,1,0
34512,0x7ff7695465db,1,0
34512,0x7ff76954c474,1,0
34512,0x7ff769546574,1,0
34512,0x7ff7695462f1,1,0
34512,0x7ff7695462da,1,0
34512,0x7ff7695462d1,1,0
34512,0x7ff7695462cc,1,0
34512,0x7ff7695462ac,1,0
34512,0x7ff7695462a5,1,0
34512,0x7ff769546161,1,0
34512,0x7ff7695460d3,1,0
34512,0x7ff769546092,1,0
34512,0x7ff76955368f,1,0
34512,0x7ff7695538cc,1,0
34512,0x7ff7695538a7,1,0
34512,0x7ff7695538a0,1,0
34512,0x7ff769553892,1,0
34512,0x7ff769553850,1,0
34512,0x7ff769553839,1,0
34512,0x7ff76955382e,1,0
34512,0x7ff7695537a6,1,0
34512,0x7ff76955378f,1,0
34512,0x7ff769553782,1,0
34512,0x7ff769553774,1,0
34512,0x7ff7695538e9,1,0
34512,0x7ff76955367e,1,0
34512,0x7ff769552091,1,0
34512,0x7ff769552082,1,0
34512,0x7ff76955203c,1,0
34512,0x7ff769551f6e,1,0
34512,0x7ff769551f61,1,0
34512,0x7ff769551f2a,1,0
34512,0x7ff769551ed5,1,0
34512,0x7ff769551e52,1,0
34512,0x7ff7695505d5,1,0
34512,0x7ff769553ba9,1,0
34512,0x7ff76955409e,1,0
34512,0x7ff769554097,1,0
34512,0x7ff769554055,1,0
34512,0x7ff769554051,1,0
34512,0x7ff769554043,1,0
34512,0x7ff76955403b,1,0
34512,0x7ff769553fd2,1,0
34512,0x7ff769553f2d,1,0
34512,0x7ff769553c64,1,0
34512,0x7ff769553c2e,1,0
34512,0x7ff769553bb1,1,0
34512,0x7ff7695505bc,1,0
34512,0x7ff769553ba7,1,0
34512,0x7ff769553b36,1,0
34512,0x7ff769553b07,1,0
34512,0x7ff769553aed,1,0
34512,0x7ff769553a90,1,0
34512,0x7ff769553a7f,1,0
34512,0x7ff769553a43,1,0
34512,0x7ff769553a3e,1,0
34512,0x7ff769553a17,1,0
34512,0x7ff769553904,1,0
34512,0x7ff76954e2d5,1,0
34512,0x7ff76954e698,1,0
34512,0x7ff76954e5c3,1,0
34512,0x7ff76954e5c0,1,0
34512,0x7ff76954e55a,1,0
34512,0x7ff76954e441,1,0
34512,0x7ff76954e3a3,1,0
34512,0x7ff76954e393,1,0
34512,0x7ff76954e32b,1,0
34512,0x7ff76954e320,1,0
34512,0x7ff76954e2e3,1,0
34512,0x7ff76954e2d8,1,0
34512,0x7ff76954e72b,1,0
34512,0x7ff76954e27f,1,0
34512,0x7ff76954e257,1,0
34512,0x7ff76954e252,1,0
34512,0x7ff76954e23c,1,0
34512,0x7ff76954e222,1,0
34512,0x7ff76954e205,1,0
34512,0x7ff76954e1f4,1,0
34512,0x7ff76954e15b,1,0
34512,0x7ff76954e11d,1,0
34512,0x7ff76954e10f,1,0
34512,0x7ff76954eccb,1,0
34512,0x7ff7695505a0,1,0
34512,0x7ff76954f868,1,0
34512,0x7ff76954f413,1,0
34512,0x7ff76954f30f,1,0
34512,0x7ff76954f2fd,1,0
34512,0x7ff76954f2ce,1,0
34512,0x7ff76954f18a,1,0
34512,0x7ff76954f080,1,0
34512,0x7ff76954f028,1,0
34512,0x7ff76954ecde,1,0
34512,0x7ff7695ac53f,1,0
34512,0x7ff76954ecb4,1,0
34512,0x7ff76954eca6,1,0
34512,0x7ff76954eca3,1,0
34512,0x7ff76954ec18,1,0
34512,0x7ff76954ebb2,1,0
34512,0x7ff76954ea29,1,0
34512,0x7ff76954ea12,1,0
34512,0x7ff76954e933,1,0
34512,0x7ff76954e839,1,0
34512,0x7ff76954e807,1,0
57356,0x7ffd48f11034,10222,0
59272,0x7ffd48f0d624,9971,0
59272,0x7ffd48f0e0f4,249,0
59272,0x7ffd46b30bf4,1,0
59272,0x7ffd48f0d684,1,0
63684,0x7ffd48f0d624,10222,0
63908,0x7ffd48f0e0f4,10222,0
72096,0x7ffd48f0d624,10121,0
72096,0x7ffd467e5444,26,0
72096,0x7ffc2507451e,18,0
72096,0x7ffd467e5b04,13,0
72096,0x7ffd467e4c04,12,0
72096,0x7ffd467e17c4,3,0
72096,0x7ffd467e1244,3,0
72096,0x7ffc2545d1ed,3,0
72096,0x7ffc2545d1f2,2,0
72096,0x7ffc25217834,1,0
72096,0x7ffd48f0e174,1,0
72096,0x7ffd48e9f25f,1,0
72096,0x7ffd467e17b0,1,0
72096,0x7ffc2545d1e3,1,0
72096,0x7ffc2545d1da,1,0
72096,0x7ffc25436044,1,0
72096,0x7ffc24f64f92,1,0
72096,0x7ffc25155599,1,0
72096,0x7ffc2515094d,1,0
72096,0x7ffc2513b7a2,1,0
72096,0x7ffc2513b5c3,1,0
72096,0x7ffc25133c18,1,0
72096,0x7ffc250ea2ef,1,0
72096,0x7ffc250cd38a,1,0
72096,0x7ffc250a57d2,1,0
72096,0x7ffc25092d26,1,0
72096,0x7ffc2508f5e5,1,0
72096,0x7ffc2505e4ae,1,0
72096,0x7ffc24fecd08,1,0
72096,0x7ffc24f7b0ee,1,0
74472,0x7ffd467e1104,10222,0
75416,0x7ffd48f0d624,9907,0
75416,0x7ffd467e4c04,82,0
75416,0x7ffd467e4d64,53,0
75416,0x7ffd467e5444,41,0
75416,0x7ffd48f0dc64,28,0
75416,0x7ffc7fce65ba,10,0
75416,0x7ffd467e5b04,8,0
75416,0x7ffd48f0fb74,7,0
75416,0x7ffd48f0d824,4,0
75416,0x7ffd48f0d764,4,0
75416,0x7ffd467e5a84,3,0
75416,0x7ffc7fcea2e7,3,0
75416,0x7ffc7fcf7880,2,0
75416,0x7ffd467eb444,2,0
75416,0x7ffc8022e364,2,0
75416,0x7ffc7fcf7910,2,0
75416,0x7ffd48f0d784,2,0
75416,0x7ffc7fcea2db,2,0
75416,0x7ffc7fcea2c3,2,0
75416,0x7ffd467e2044,2,0
75416,0x7ffc7fce65b3,2,0
75416,0x7ffc80299b0b,1,0
75416,0x7ffc8028f646,1,0
75416,0x7ffc801ff6d5,1,0
75416,0x7ffc802888a8,1,0
75416,0x7ffc802870cc,1,0
75416,0x7ffc80248b00,1,0
75416,0x7ffc8023b83e,1,0
75416,0x7ffc8021445f,1,0
75416,0x7ffc80211e49,1,0
75416,0x7ffc801a6ad9,1,0
75416,0x7ffc80581f97,1,0
75416,0x7ffd467e1064,1,0
75416,0x7ffd467e5c84,1,0
75416,0x7ffd467e9ac4,1,0
75416,0x7ffd46b40980,1,0
75416,0x7ffd48e82c72,1,0
75416,0x7ffd48eb0165,1,0
75416,0x7ffd48f0d8c4,1,0
75416,0x7ffd48f0da44,1,0
75416,0x7ffd48f14781,1,0
75416,0x7ffc7fcf792a,1,0
75416,0x7ffc7fdebb5c,1,0
75416,0x7ffc7fd96d93,1,0
75416,0x7ffc7fd6951a,1,0
75416,0x7ffc7fd33cb6,1,0
75416,0x7ffc7fd00a53,1,0
75416,0x7ffc7fcfd1be,1,0
75416,0x7ffc7fcfd1ac,1,0
75416,0x7ffc7fcf793a,1,0
75416,0x7ffc7fdff385,1,0
75416,0x7ffc7fcf78f5,1,0
75416,0x7ffc7fcea2d7,1,0
75416,0x7ffc7fce65c2,1,0
75416,0x7ffc7fc95210,1,0
75416,0x7ffc7fc8512b,1,0
75416,0x7ffc7fbfb79a,1,0
75416,0x7ffc7fb70f55,1,0
75416,0x7ffc8011fca4,1,0
75416,0x7ffc801c1b75,1,0
75416,0x7ffc801aa884,1,0
75416,0x7ffc801a6b45,1,0
75416,0x7ffc7fb70f23,1,0
75416,0x7ffc801a6a34,1,0
75416,0x7ffc801a69e9,1,0
75416,0x7ffc8013a773,1,0
75416,0x7ffc80133388,1,0
75416,0x7ffc801c1bec,1,0
75416,0x7ffc800cb3a0,1,0
75416,0x7ffc7fe95c65,1,0
75416,0x7ffc7fe8d8b5,1,0
75416,0x7ffc7fe8ade4,1,0
75416,0x7ffc7fe4f5e3,1,0
75416,0x7ffc7fe4f447,1,0
75416,0x7ffc7fe4edea,1,0
76948,0x7ffd48f0e0f4,10222,0
80660,0x7ffd48f10fd4,10222,0
88216,0x7ffd48f0e0f4,10222,0
88304,0x7ffd48f11034,10222,0
92528,0x7ffd48f0d624,10215,0
92528,0x7ffc62ecd990,1,0
92528,0x7ffc62ecd99d,1,0
92528,0x7ffc62ecde34,1,0
92528,0x7ffc62ecdeac,1,0
92528,0x7ffc630ff6e1,1,0
92528,0x7ffd3ecf58b0,1,0
92528,0x7ffd3ecffff0,1,0
